,cagr,vol,sharpe,sortino,maxdd,calmar,maxdd_monthly,calmar_monthly,worst_month,best_month,months,years,pct_pos_months,var95_m,cvar95_m,skew_m,kurt_m,dd_duration_days,worst_3m,worst_12m,beta,corr,down_beta,avg_in_spy_down_m,avg_in_spy_worst10,sharpe_2h,calmar_m_2h,hedge_turnover
idx_only_1x_shortATM_long30d_W,0.014436154763032283,0.02330701562147357,0.6190477137010395,0.7081672176802503,-0.04836704472202957,0.29847088748130807,-0.04460885411955129,0.3236163548237202,-0.02181391957913159,0.04234287103453993,236.0,19.6249144421629,0.5805084745762712,-0.008231401423729245,-0.013039870488042449,0.9009501786426775,6.268014856939862,3956.0,-0.039239890808891786,-0.034214617782698076,-0.005996527160374612,-0.03958736716820628,-0.0353649090122143,0.0012906351579519602,0.002394460597486314,0.9151930680107158,0.5049198891717521,0.37632474963137397
idx_only_3x_shortATM_long30d_W,0.009767322973158965,0.06919347032037712,0.16976160999010595,0.19000956620322673,-0.2432383108773567,0.040155364251331906,-0.2341918856428733,0.04170649613391588,-0.0634083866456846,0.13093090094260873,236.0,19.6249144421629,0.5042372881355932,-0.026965812975639714,-0.04130786106168758,1.0792540902201497,7.835903468309198,5081.0,-0.11451109769368639,-0.12093106189588954,-0.018766445959068737,-0.041731154636792,-0.11512652343518055,0.0012033004719431328,0.005121855405412945,0.17678457607692324,0.062322072180266724,1.1277921043136578
idx_only_5x_shortATM_long30d_W,0.0035055360101663435,0.11598438752060702,0.08255348835921915,0.09213614404704173,-0.4055795993824528,0.008643274995842921,-0.39370885047731285,0.00890387911248733,-0.10229530577848445,0.22597730289490858,236.0,19.6249144421629,0.4957627118644068,-0.04524380745261203,-0.069173211056805,1.2277828110293252,8.831651377575783,5517.0,-0.18540465430366015,-0.20283257633309815,-0.03238949296467811,-0.042968292654948614,-0.19497179012908386,0.001210222162625484,0.007741191529434521,0.026519504969837446,-0.019107649365092925,1.8771117062028713
idx_only_5x_shortATM_long30d_D,-0.009055749236778876,0.09644035213150731,-0.062260784327154074,-0.07057957476577842,-0.49920192161383814,-0.018140453481234848,-0.4971745806095602,-0.018214425254155366,-0.08504341857172537,0.1508652737768561,236.0,19.6249144421629,0.4661016949152542,-0.03931513746366894,-0.05693926961967555,1.1921047491895904,6.611522355402908,5938.0,-0.13636937288176476,-0.21756154691249774,-0.14565795446931218,-0.23239078371320737,-0.1670937758324993,0.0063397611797743085,0.013925679971055104,-0.3965939026239143,-0.11469610521120939,4.15702254303073
idx_only_5x_shortATM_long30d_nohedge,0.11636354498807022,0.16208878241331218,0.7710729618674775,0.752248517279636,-0.4438257257785545,0.26218296558620274,-0.3918395565290682,0.29696732514405527,-0.11741477288839719,0.13218718865522727,236.0,19.6249144421629,0.6271186440677966,-0.06645135655374881,-0.09557219426648254,-0.2900678948652963,0.30496139890830243,914.0,-0.17692124122358277,-0.24938476426202916,0.7543908216942241,0.7161218374163987,0.20584520672006523,-0.03186526077071466,-0.05674586740178711,0.9052305739797338,0.5728223481545086,0.0
idx_only_5x_shortATM_only_hedged(BXM),-0.01717988162949391,0.25922704107952027,0.045563499425845796,0.06323694149122924,-0.5940963975370692,-0.0289176667300393,-0.5785456202860788,-0.029694947169419093,-0.3135105922746977,0.679652574660903,236.0,19.6249144421629,0.4279661016949153,-0.07779600596657882,-0.12331425817809423,3.299055030195338,29.881931469727753,7129.0,-0.28259850418045374,-0.3611833243330058,-0.06549792704881116,-0.03887682000051334,-0.3533806687015499,0.0026909019784068992,0.019761129953574763,0.06567790648353712,-0.008193036496978124,3.757900778864168
idx_only_5x_short30d_only_hedged(BXMD),-0.008123459514746911,0.17121459684926696,0.03144309413736639,0.03680183623115974,-0.5414902126265739,-0.015002043112363816,-0.5314072962728382,-0.01528669171786478,-0.24960686414071198,0.3840971941819611,236.0,19.6249144421629,0.4745762711864407,-0.0654906494155616,-0.09843723941002946,1.8031288034905832,18.482307720806986,6764.0,-0.21958464155309143,-0.3763653500750981,-0.02354830711313075,-0.021162276522618758,-0.13585241743775894,0.0013133131546414687,0.012467732310529256,0.20165031279726936,0.11244509008534036,2.5540020205634746
idx_only_5x_shortATM_long2pctOTM(BXM-BXY),0.009558876235769453,0.08126232547617929,0.15133021806469582,0.1507276476232528,-0.2610644668171679,0.03661500300025071,-0.2496399404434414,0.03829065260466652,-0.0874000306346625,0.07142698265302272,236.0,19.6249144421629,0.5254237288135594,-0.03640013495489458,-0.05053834180968666,-0.1394559089191746,0.8482524243857963,4538.0,-0.08910344065275899,-0.1309605118728847,0.10607868369681553,0.20085486572810116,-0.09375096369376369,-0.006010996519258821,-0.003003107043866826,0.13638257547568672,0.04188968811398082,1.621888499157593
dispersion_5x_with_shortATM_long30d_indexleg,-0.07488782340955724,0.21432652589232903,-0.25531709036739403,-0.2740969096040142,-0.8543330381659887,-0.0876564759456338,-0.8426483854627016,-0.0888719716331457,-0.37210786253133254,0.4064289330358697,236.0,19.6249144421629,0.423728813559322,-0.08189354322598458,-0.1283096358163846,0.5691383439917405,12.946784767660807,7077.0,-0.4164680017126038,-0.4919416657421273,0.009312873493590331,0.006685767356842474,-0.3427868984717361,-0.0072958473819381125,0.011981418087274476,-0.17248241260441044,-0.09646096259421946,2.907692251281846
dispersion_3x_with_shortATM_long30d_indexleg,-0.036502814499535186,0.12986474204601742,-0.2218547712042905,-0.23190228432342994,-0.6578940033656016,-0.055484339897912134,-0.641337521129124,-0.05691669876926766,-0.24741852462356273,0.23287879983837123,236.0,19.6249144421629,0.4322033898305085,-0.048453471607207366,-0.07921319697679065,0.048561290540186784,13.68948008587798,7077.0,-0.2796794027306464,-0.3358719730981846,0.007041391323942281,0.008342778339817733,-0.20534988366057152,-0.004071762224560282,0.0077993357830073665,-0.086778692644437,-0.04955646065317471,1.7384142216918201
