,cagr,vol,sharpe,sortino,maxdd,calmar,maxdd_monthly,calmar_monthly,worst_month,best_month,months,years,pct_pos_months,var95_m,cvar95_m,skew_m,kurt_m,dd_duration_days,worst_3m,worst_12m,beta,corr,down_beta,avg_in_spy_down_m,avg_in_spy_worst10,sharpe_2h,turnover_x_equity_yr
STRADDLE_1x_weekly_delta_hedge,0.037821688270115894,0.06227708984527466,0.6247847050901045,0.5156339157743232,-0.14032134188120504,0.2695362498894533,-0.1326278090298023,0.28517162838464083,-0.09883931503215226,0.06472038579971717,237.0,19.701574264202602,0.6582278481012658,-0.02592691821130113,-0.043532115906327835,-1.309797720581525,7.306636153157099,929.0,-0.12560959455373844,-0.0929397655663573,0.12728487746727224,0.31410276490683686,0.1904211871711988,-0.0033384573469062316,-0.006103607158239477,0.6656660701643989,28.611762745174318
STRADDLE_3x_weekly_delta_hedge,0.07074618837872193,0.1882992196036457,0.4597012516197905,0.39056393674135903,-0.40716837395244376,0.173751678432139,-0.39874973698810723,0.17742002518444783,-0.2812030757182158,0.22012204108873457,237.0,19.701574264202602,0.6329113924050633,-0.07796761610234297,-0.13178441984000205,-1.0124075951976965,6.533110533200867,1667.0,-0.35217097666617037,-0.2884092079499564,0.37579541667543576,0.3067087878096366,0.5363009563516936,-0.012518617439407954,-0.01821470019903145,0.40941460349044767,125.93391268141986
STRADDLE_5x_weekly_delta_hedge,0.08796556797700394,0.3185276357575911,0.43401521609124677,0.3799672221714806,-0.6322462187808555,0.13913182137589647,-0.6208299265120463,0.14169028299137107,-0.44305247563776506,0.4364391308600126,237.0,19.701574264202602,0.6244725738396625,-0.1318984729946976,-0.21862952723455906,-0.6588113329261203,6.448657601412997,1688.0,-0.5400847561298308,-0.4590403758965286,0.6096125390062018,0.29412370897840495,0.8239275756409279,-0.02102538044298826,-0.025163709233246057,0.3675208071268251,260.41444461812694
STRADDLE_1x_daily_delta_hedge,0.025482761197694215,0.05052711362333702,0.522214463213621,0.4553918214250597,-0.17415711824592628,0.14632052628311265,-0.16271882747524513,0.15660610141485304,-0.09490869134841928,0.062053621631392275,237.0,19.701574264202602,0.6244725738396625,-0.02100994115947865,-0.03367690987209911,-1.1376896018829303,9.025398830283354,1845.0,-0.1483556939880979,-0.14222848175375702,0.12001996651901263,0.3650499322686253,0.08484370868472564,-0.0039772071148300335,-0.003522936672825594,0.7981639628864767,47.73818476073311
STRADDLE_1x_band1pct_start_checked_weekly,0.026195322603004056,0.09822489387899512,0.310987650066012,0.25231550010016673,-0.31020627963604175,0.08444484951671016,-0.27467617039460235,0.0953680203323485,-0.16632482793791503,0.0992166082605408,237.0,19.701574264202602,0.620253164556962,-0.03925608832308529,-0.07690242463846961,-1.4626389443203596,7.615394892487444,3261.0,-0.16552922212404997,-0.2082070140366875,0.19543312461309365,0.30577351665216035,0.2621565035297211,-0.008449746541565847,-0.016776020140421642,0.48846445836725133,29.910838598471468
STRADDLE_1x_band2pct_start_checked_weekly,0.006240819077176996,0.09700817737961463,0.11122513868992226,0.09545599264651175,-0.2986109469850742,0.020899498629194387,-0.27942954896696626,0.022334141468749163,-0.16632660418535683,0.13683439852503576,237.0,19.701574264202602,0.569620253164557,-0.04504865483181139,-0.07803609467351881,-1.1156793734562478,9.47230906864357,6554.0,-0.17546225049485553,-0.2095906527942144,0.195497817801722,0.30971114209362927,0.2913376287522423,-0.009704705771090115,-0.014996380501548733,0.13918540065121016,18.551965214608348
PUT_1x_unhedged(PUT index),0.06594317662223581,0.09599764355808316,0.7119537093636333,0.49533141917015355,-0.33885369948442867,0.19460663030260378,-0.2972623469046878,0.22183494582776536,-0.1576561604350989,0.080274139596338,237.0,19.701574264202602,0.7341772151898734,-0.04286684811549439,-0.07473956895267846,-1.6719134229428443,7.241520071220176,898.0,-0.24999609474024653,-0.26334736473449805,0.5390276558904856,0.8629263609680529,0.8022100401423958,-0.018539347503020564,-0.059205850223985466,0.902454701829585,0.0
PUT_1x_weekly_delta_hedge,0.03862472885339474,0.053085919022727475,0.7409449279541399,0.6190137181202515,-0.15190691413478774,0.25426577238691606,-0.1497381691787507,0.25794845138841166,-0.09558065486780831,0.08864671713541195,237.0,19.701574264202602,0.6751054852320675,-0.02135957321183346,-0.03700729591496043,-0.9148634247542407,11.7638568374468,1054.0,-0.10378499322934154,-0.10562510906920486,0.11623887936750504,0.3365079545653726,0.11790012098751103,-0.0031085467135924887,-0.0016744150784038126,0.7724262333807833,18.758031527222155
PUT_1x_stop2pct_unwind_at_start(as asked),0.038253980902426044,0.06436174063570664,0.6114045231496472,0.49251786942228915,-0.21257468447893468,0.17995548715593584,-0.19085555571183666,0.20043420145538668,-0.09077166249029611,0.04365668991728855,237.0,19.701574264202602,0.6582278481012658,-0.028324967859408787,-0.048731593008018076,-1.2767108997413692,3.6943165461315934,2906.0,-0.1576943286444641,-0.16606268111190015,0.21506446938431192,0.5135280216101002,0.09063867907925965,-0.010380790569369273,-0.017255288315266994,0.7952105787372373,13.57549132055761
PUT_1x_stop2pct_unwind_at_1pct,0.04507332690143184,0.06271336001066533,0.7301423423736819,0.6011248435209796,-0.17856674508364634,0.2524172509294385,-0.16562211365689872,0.27214558434392006,-0.06554978382361543,0.04365698787877581,237.0,19.701574264202602,0.6666666666666666,-0.03032033106380865,-0.0458695314477156,-1.0287855610947256,1.991816982322637,2417.0,-0.1356976247920224,-0.13729179113785273,0.23191685673840204,0.5683233597342701,0.0608779424979252,-0.01094177244848345,-0.011615291752828516,0.9154549601392399,16.48049855497489
PUT_1x_stop1pct_unwind_at_start,0.026883184876513422,0.05696793826807426,0.4892275153999964,0.43172994323132674,-0.15554470219336358,0.17283253301095336,-0.13317911672838112,0.20185735974913913,-0.06625924801589822,0.047637791160364706,237.0,19.701574264202602,0.6244725738396625,-0.027406974658365744,-0.03831942553338267,-0.6106155082934605,1.6715145872311088,1145.0,-0.10583342148238484,-0.10951343027035243,0.158576602165956,0.42779121961610145,0.031804177162810816,-0.007575681247860848,-0.008828451904810542,0.6275412493591102,22.420688539435837
PUT_1x_stop3pct_unwind_at_start,0.051247409374045816,0.0726941645355684,0.7204286633267076,0.5457033030598544,-0.18836175502703956,0.2720690798760565,-0.17964610390178914,0.28526869362033197,-0.09017846735008817,0.0907123985129823,237.0,19.701574264202602,0.7088607594936709,-0.037157197087544856,-0.054783571512480124,-0.9789802224772522,3.5088942010924407,1060.0,-0.1298434069149793,-0.12343787178918042,0.25569870170998904,0.5405703659095898,0.15959685240908644,-0.011490020656663054,-0.016530576926251463,1.1014296048649246,8.88761387964019
PUT_1x_stop2pct_start_checked_weekly,0.04977253450223773,0.07517389018626705,0.6805231821292579,0.5431310562114942,-0.1848359113994592,0.269279568701731,-0.17926676119313223,0.2776450813913881,-0.09880970678787326,0.09242567272465951,237.0,19.701574264202602,0.6751054852320675,-0.0292923414055541,-0.056851279671624684,-1.121997079543351,4.665630810732166,980.0,-0.10762044534601611,-0.13937899090998707,0.2799165878817333,0.5722487741455886,0.21285469474994625,-0.011977728634337187,-0.008098109611509275,0.7184494788009416,9.747901432177203
PUT_1x_stop2pct_start_half_size,0.05376216518360444,0.06703189037111831,0.8110298965314358,0.648091577142278,-0.2388142952014254,0.22512121872042587,-0.2170096747618141,0.24774086797103778,-0.08114860172197769,0.05846534967201089,237.0,19.701574264202602,0.6919831223628692,-0.02858343883413232,-0.04936155898670517,-1.0469949303765729,2.5128126920331897,897.0,-0.1372163944787982,-0.1860895940337649,0.37328601215045615,0.8558221249345427,0.4337744774214403,-0.014312281003053016,-0.03718557504821666,1.0173532499688467,7.637495976218014
STRADDLE_3x_daily_delta_hedge,0.034637697211405305,0.15319853951340812,0.30209311753593354,0.2572297609729609,-0.47030291471224805,0.07364976088357472,-0.4492881628078331,0.07709461338784555,-0.29221960900293154,0.19524911798093458,237.0,19.701574264202602,0.6160337552742616,-0.06666104886913234,-0.10602231321314266,-1.100618525769081,9.554845392986737,2835.0,-0.4181259643887447,-0.41845949642793623,0.3607518025602077,0.36189046902218447,0.2417086348371093,-0.014820450127521778,-0.011795901081817429,0.4502111535019623,151.3458980694711
STRADDLE_3x_band1pct_start_checked_weekly,0.013565025861625335,0.2988238280665811,0.21128037060883376,0.17240474489253663,-0.7522669199090888,0.01803219775138413,-0.7134829117619165,0.019012404695337503,-0.525404572059214,0.3174704622085125,237.0,19.701574264202602,0.6118143459915611,-0.1216723264882769,-0.23405461031212696,-1.3677136365748295,8.058884233704598,6554.0,-0.5358247463302783,-0.6308046858674612,0.5790609082643262,0.29780520423595236,0.7571208311430574,-0.0277468846191731,-0.049939935962010615,0.297121016659616,67.03879568873913
STRADDLE_3x_band2pct_start_checked_weekly,-0.046053177355563246,0.29769782098033465,0.005822482027581938,0.005011052849622612,-0.8181721363653579,-0.05628788284107249,-0.8027578305033918,-0.0573687052378976,-0.525411101600492,0.45395316367543903,237.0,19.701574264202602,0.5654008438818565,-0.13714818434099665,-0.2387675572627276,-0.9086065206928694,10.470646307356791,6554.0,-0.5508987428417957,-0.5866001098364748,0.5854548581204648,0.3022323993999403,0.8449692680864849,-0.032216088305037985,-0.04359527249547664,-0.043122794691112805,30.21825890135176
PUT_3x_unhedged(PUT index),0.09709662798103702,0.3219397126712451,0.48560095326567715,0.32855924272523124,-0.8060014124870971,0.12046706925912663,-0.7625066510663354,0.12733872923633024,-0.5859774814046136,0.26287492375651955,237.0,19.701574264202602,0.7172995780590717,-0.1353033544076542,-0.2581097187252305,-2.36497682719311,13.169950737177055,1916.0,-0.6992966227964595,-0.7257210745321044,1.7501182637382704,0.8354416169547374,2.782136422450462,-0.0638526458671111,-0.21140793668414953,0.5326417242320017,0.0
PUT_3x_weekly_delta_hedge,0.07539566947062792,0.16244539257131616,0.5327302209889475,0.4705854112937181,-0.46657283755117895,0.16159463947010777,-0.46139116457558427,0.1634094348988704,-0.28688853762004074,0.2937685189061612,237.0,19.701574264202602,0.6329113924050633,-0.06904055572784425,-0.1130005490089762,-0.5050546256614753,12.586693663188358,1228.0,-0.3101494877458919,-0.33728206042776365,0.3418659087384111,0.3234235630515923,0.3134211210301805,-0.012064825480131125,-0.004239262090831175,0.4851401364528974,82.92045088588144
PUT_3x_stop2pct_unwind_at_start(as asked),0.06802224017839875,0.1934934464769049,0.43804375505109727,0.3598895145887628,-0.6041222284949315,0.11259681728292746,-0.5679678507682198,0.11976424385005857,-0.2646773369636337,0.1331837723152436,237.0,19.701574264202602,0.6286919831223629,-0.08968379317401406,-0.1475388258169562,-1.1785272084968479,3.317522550906648,3080.0,-0.4264501242236408,-0.46380960515499203,0.6460817785386715,0.5131501889824814,0.2616054564847042,-0.034143207314365875,-0.053549782018668536,0.5354230207042299,51.9765048437849
PUT_3x_stop2pct_unwind_at_1pct,0.09093779707276228,0.18842607522035998,0.5561659133819994,0.4620735462132546,-0.5435346598042513,0.1673081843676954,-0.5018485788095306,0.18120564830228683,-0.19239973321295367,0.13318605208676115,237.0,19.701574264202602,0.6455696202531646,-0.09294109294744375,-0.13854719022923948,-0.9344924899241347,1.7848082635357367,3063.0,-0.3742265810013957,-0.40020071541609226,0.6966884112465163,0.568225664255225,0.16400757458720464,-0.0357663105343856,-0.0360730973715101,0.6520798979151118,76.56181391306647
PUT_3x_stop1pct_unwind_at_start,0.035928879801772284,0.17253228268232879,0.2886945060123408,0.25490830057456254,-0.42845000446180626,0.08385781171108642,-0.38321235232537454,0.09375710251444638,-0.20216615559426443,0.1448424991898114,237.0,19.701574264202602,0.5991561181434599,-0.0823129789748702,-0.11816971951833284,-0.5627394729521068,1.7266456647857598,2473.0,-0.3122527429682692,-0.3110479323326959,0.47909209583539747,0.4267483967818003,0.08809620550310363,-0.025841252080808258,-0.02896931687979497,0.3139816693500042,81.6625016566852
PUT_3x_stop3pct_unwind_at_start,0.10428733369492682,0.21878301631265945,0.5643983816533888,0.44326286734326314,-0.519316479629703,0.20081653054663043,-0.5052987607970578,0.20638747170173952,-0.2606910717112889,0.28293912122648757,237.0,19.701574264202602,0.679324894514768,-0.11594015685141462,-0.16531147210252725,-0.8277486193146626,3.4067135015385683,1400.0,-0.36839161286512634,-0.38696978024390416,0.7630242473440004,0.5359792717247596,0.4541035178094699,-0.03749322592281116,-0.05022923937687755,0.8572895046203657,33.076133743082366
PUT_3x_stop2pct_start_checked_weekly,0.0953532251341993,0.22939288065708835,0.5145314673397844,0.4107909560804532,-0.5415175002052537,0.17608521441699884,-0.5337412419883397,0.17865065996957832,-0.29481104691853643,0.30579407523491375,237.0,19.701574264202602,0.6666666666666666,-0.09394453701178684,-0.17444724267001918,-0.9100751726459338,4.585197292360116,1241.0,-0.31370019918494074,-0.4107964573179853,0.8385045228809688,0.5617573132482498,0.6001887273592798,-0.03933118982442371,-0.022851220270012483,0.49624024919717974,46.4021788700255
PUT_3x_stop2pct_start_half_size,0.11021537275758586,0.20723054746868216,0.6101421107856073,0.49963437492081647,-0.607381084746303,0.18146000184319488,-0.5701251276916101,0.19331786550759283,-0.2643583771699133,0.18758367583388957,237.0,19.701574264202602,0.6540084388185654,-0.08886440838233278,-0.15616947629720945,-1.0532602260547086,2.937325836898997,997.0,-0.40662160924523993,-0.5238055654115968,1.1551385442596211,0.856650281265295,1.376748015318867,-0.047312813869262046,-0.12029233448254888,0.718226004134866,36.91295930067237
