variant,k,cagr,vol,sharpe,sortino,maxdd,calmar,worst_month,worst_12m,cvar95_m,pm_med,pm_p95,pm_max,y2008,y2020,y2022
"PM, TLT shares",0.5,0.09883704229908008,0.08367654626989167,1.1770986219946282,1.2231331860870862,-0.12455674202704436,0.7935101760900273,-0.06914226300556603,-0.04877524801985811,-0.04319879118489519,0.25803071047898596,0.3693219815562112,0.5067355364589071,0.007107071819408839,0.21212171966571391,0.02302846575419304
"PM, TLT shares",0.75,0.13936889876066427,0.12543556991531984,1.1131797579605924,1.161902636158484,-0.18608095323616314,0.7489691789346401,-0.10378082513773645,-0.07407813072046654,-0.06514598645046653,0.3860837181483816,0.5533322228214048,0.7784753159038784,-0.0004686646374553183,0.32287936241381043,0.025282140625892957
"PM, TLT shares",1.0,0.17921434606688424,0.16734320133599553,1.0800648979489225,1.1342810057410286,-0.24686206719864523,0.7259695590358719,-0.13779531421205427,-0.09957783027239131,-0.08699367240719169,0.5107713530521152,0.7428942327063477,1.0926826860188532,-0.008947091751977165,0.43725264106465844,0.02704757200474095
"PM, TLT shares",1.25,0.21821902935944526,0.209399539130175,1.0593915847246147,1.1160506513921598,-0.30693459327539163,0.710962642010352,-0.17118413370556773,-0.12524758693826576,-0.10874434339689265,0.6358454935350781,0.9298269242977792,1.441859836251532,-0.01830502546178403,0.5545414441215126,0.028317249558609703
"PM, TLT shares",1.5,0.25622222149786755,0.25161677813685285,1.044957227303569,1.099338238810219,-0.36813289708602914,0.6960046861500423,-0.20394568164497884,-0.15106016855207494,-0.1304004915435464,0.7588595720943305,1.1169597542421057,1.83218873259881,-0.028518494641633918,0.6739199162747567,0.029084046494072924
"PM, TLT shares",2.0,0.3285487651874279,0.33660048412050125,1.025420255025647,1.0918701701750695,-0.48787937754577426,0.6734221209352153,-0.26758052757677586,-0.2030026966081362,-0.1734391910412911,0.9974134559223078,1.4974128471472559,2.7692886443094684,-0.05141237273424781,0.9149659134960171,0.029082509695706138
"PM, TLT futures",1.0,0.17921434606688424,0.16734320133599553,1.0800648979489225,1.1342810057410286,-0.24686206719864523,0.7259695590358719,-0.13779531421205427,-0.09957783027239131,-0.08699367240719169,0.48982497019551907,0.7208380639552441,1.056496611162329,-0.008947091751977165,0.43725264106465844,0.02704757200474095
"PM, TLT futures",1.25,0.21821902935944526,0.209399539130175,1.0593915847246147,1.1160506513921598,-0.30693459327539163,0.710962642010352,-0.17118413370556773,-0.12524758693826576,-0.10874434339689265,0.6083318978798413,0.9014864504498423,1.3941101568296759,-0.01830502546178403,0.5545414441215126,0.028317249558609703
"PM, TLT futures",1.5,0.25622222149786755,0.25161677813685285,1.044957227303569,1.099338238810219,-0.36813289708602914,0.6960046861500423,-0.20394568164497884,-0.15106016855207494,-0.1304004915435464,0.7249606833771081,1.081190689498016,1.7715126374456411,-0.028518494641633918,0.6739199162747567,0.029084046494072924
RegT,,0.09109175735829123,0.0890889491899704,1.0314265139434848,1.102255351246845,-0.13098539286141608,0.6954344707326813,-0.08716570749787844,-0.06677511250348955,-0.047861711790156976,0.6355641557911025,0.7340421706010819,0.8209426659249657,-0.0042671564107263915,0.18215152939150414,-0.0036130725338434644
RegT,,0.09109175735829123,0.0890889491899704,1.0314265139434848,1.102255351246845,-0.13098539286141608,0.6954344707326813,-0.08716570749787844,-0.06677511250348955,-0.047861711790156976,0.609355799688406,0.633503327513886,0.7063503931089568,-0.0042671564107263915,0.18215152939150414,-0.0036130725338434644
RegT,,0.11531512758729301,0.11882911648345491,0.9868921287771489,1.0571100120593413,-0.17397544058632952,0.6628241733353836,-0.116330600454293,-0.08927306633626009,-0.06417448266766118,0.8083402658264772,0.8501887137190824,0.9860134308952591,-0.011255048607243467,0.24506130399016057,-0.010794749247538316
RegT,,0.09185399567917685,0.09793549753861572,0.9544952088316287,1.02040254011465,-0.1321007528943301,0.6953328703028104,-0.09745245489757814,-0.06367144507932698,-0.05389685341276058,0.59463402278278,0.6205138789993762,0.6857321980644182,-0.009623606182290856,0.18144381776072582,-0.003334209966387447
