,cagr,vol,sharpe,sortino,maxdd,calmar,maxdd_monthly,calmar_monthly,worst_month,best_month,months,years,pct_pos_months,var95_m,cvar95_m,skew_m,kurt_m,dd_duration_days,worst_3m,worst_12m,beta,corr,down_beta,avg_in_spy_down_m,avg_in_spy_worst10,sharpe_2h
1x_put_stop2%_FIXED,0.03151547125436638,0.05238231934501872,0.6133735663747611,0.48336556466972125,-0.17281906882858888,0.1823610754761391,-0.15223071278059308,0.2070243952663413,-0.08421905455334722,0.0422871067390187,237.0,19.701574264202602,0.6708860759493671,-0.022349031576034715,-0.039784092969836954,-1.4002468573124713,5.572121367143078,2790.0,-0.12978896354850433,-0.12383619971893389,0.17051791108612052,0.5002747003468268,0.09117386098998041,-0.007871313483729409,-0.015591990393568145,0.8126356760219203
1x_put_stop2%_unwind-1%_FIXED,0.034957850117442124,0.04773126561636774,0.737906671254121,0.5964826103792624,-0.1334080724924197,0.2620369926971881,-0.11680000161348192,0.2992966578299005,-0.056601805562425334,0.039761195237351554,237.0,19.701574264202602,0.6835443037974683,-0.021860479330408442,-0.034611826222926294,-0.9822095873017977,2.6724532979830404,2250.0,-0.09710763183436488,-0.09636611715119558,0.17120618744917138,0.55123878498998,0.059095465275297146,-0.007725346646786492,-0.01000806367867676,0.931815597170884
1x_straddle_deltaW_FIXED,0.030939651949891234,0.050268560250699236,0.6280430301840876,0.5134556174456772,-0.131897028874717,0.23457429036767316,-0.12442342924817307,0.248664195616884,-0.09429326721907383,0.05713789972434036,237.0,19.701574264202602,0.6624472573839663,-0.018652082094410716,-0.034991875365584506,-1.488040187465419,10.540652413512404,908.0,-0.11783207747065938,-0.0625884673372833,0.1050973835043352,0.32130591299733724,0.1670570699734133,-0.00259771743402593,-0.004969177946527436,0.7208894650282406
1x_long30dcalls_hedgedW_FIXED,0.004853617759567053,0.04902557312447325,0.12158423726632693,0.12157444597778025,-0.3224875781223312,0.015050557258133831,-0.3158016942970444,0.015369194805527925,-0.10211122820324647,0.04848001924035139,237.0,19.701574264202602,0.46835443037974683,-0.015371396061350273,-0.03229194916655594,-1.452750043107667,12.14430154698161,6360.0,-0.11958126680546555,-0.20446055080545722,0.00407634879855533,0.012778265846304043,-0.03319105754735956,6.146540221849684e-05,0.003961251394073351,0.8052540743780392
1x_long30dcalls_unhedged_FIXED,0.02396130293450338,0.052672038046867126,0.47372387275713623,0.47015720110535963,-0.3031611212337686,0.07903817889638538,-0.2938947251189705,0.08153022455508069,-0.09039648993117377,0.047510687865101486,237.0,19.701574264202602,0.5443037974683544,-0.019691561019111025,-0.03455917566170815,-0.9250533097201884,5.817095281947644,4409.0,-0.1511294267316028,-0.1893523345054724,0.20175219617582352,0.5886557745679987,0.07097778795615778,-0.008605074026176262,-0.014176657526551218,1.300073242910065
1x_long30-10vert_hedgedW_FIXED,0.006844131989880653,0.030457112206639363,0.2360420608823607,0.22043733932819023,-0.2082765397004367,0.0328607917133852,-0.20623111190790766,0.03318670944729665,-0.07144045896991402,0.03135366233334369,237.0,19.701574264202602,0.5274261603375527,-0.010105505883518107,-0.01958201520679584,-2.0821963653106472,19.16200736324468,6098.0,-0.0857478286493687,-0.1415073561749718,0.01097643378685734,0.05538546411378478,-0.026674718018853617,-0.00013609956268445246,0.0025360564471422764,1.0697089280782837
1x_50/50_putstop+straddle_FIXED,0.03122831323191555,0.042525827091174966,0.7390960760899488,0.5494236858979671,-0.1358970592196853,0.22979388524834235,-0.13138135504385695,0.2376921232201563,-0.05470987169775676,0.03798184401574867,237.0,19.701574264202602,0.7130801687763713,-0.01782794799400784,-0.03320400000856632,-1.3345149153000824,4.147696843597652,1105.0,-0.07712558775732081,-0.08695251150562522,0.13755166060465598,0.49709149136433173,0.12863608006645982,-0.005250538145366038,-0.010333316269623671,0.9061055714155583
1x_50/50_putstop(-1%)+straddle_FIXED,0.032985282655663584,0.04057439317317071,0.8145568894595414,0.6358552144727178,-0.11599470902606535,0.28436885555057007,-0.1065299756639202,0.3096338138640457,-0.054746313842937044,0.03689231418860328,237.0,19.701574264202602,0.70042194092827,-0.019523412456800202,-0.030000619175928167,-1.1652582812088965,3.4880511512925607,972.0,-0.06732799017208957,-0.0739115414623327,0.13909611504342465,0.5268490820426712,0.11250618845438505,-0.005253247414229267,-0.007584164532337845,0.973844080970006
1x_33/33/33_putstop+straddle+long30dcalls_hedged_FIXED,0.02376979026628656,0.032459617266353984,0.7340693377449571,0.5947458872144248,-0.1339533090716506,0.1774483245768291,-0.1260429980954757,0.18858477365225237,-0.03662161759580995,0.031244207922271672,237.0,19.701574264202602,0.6835443037974683,-0.014096975788338684,-0.023528132837163068,-0.9538774924971907,2.8378048403927685,1211.0,-0.0810073073404215,-0.10173274649459285,0.10118380705419006,0.4790610717004848,0.08021075351120147,-0.003931160232795947,-0.00650664512095146,1.1176039172570504
1x_33/33/33_putstop+straddle+long30dcalls_unhedged_FIXED,0.028911100265853085,0.03702438824705,0.7831310666504963,0.6354794436483671,-0.14478953625128033,0.1996767239842405,-0.1345432842723806,0.21488326542797223,-0.04303286629785419,0.031303740128842295,237.0,19.701574264202602,0.679324894514768,-0.016916961541870834,-0.02717796378014319,-1.0837840842512378,2.5962873799663595,1200.0,-0.09028123448992531,-0.11078159232397111,0.15413855505693347,0.6398035606521472,0.11156066414576066,-0.006143775649961841,-0.011480236973332881,1.1869040906326025
1x_33/33/33_putstop+straddle+long30-10vert_hedged_FIXED,0.0242446329180519,0.031206504924434966,0.7771268829622174,0.6257131742693026,-0.11826715094228879,0.2049988752150006,-0.10776057646506365,0.2249861100725653,-0.0345012252157455,0.028980518618324735,237.0,19.701574264202602,0.6835443037974683,-0.012828421280954183,-0.022955343279848644,-1.0728389858756515,3.037028932564437,1113.0,-0.0694826706666839,-0.08599101612085391,0.10166515974855804,0.5006685100102408,0.08134703598743803,-0.0038833912253382038,-0.006645607531199771,1.1026918402542019
1x_40/40/20_putstop+straddle+long30dcalls_unhedged_FIXED,0.02984971666680236,0.038484898348556645,0.7781970201122851,0.600302597277856,-0.14004338139639882,0.21314621490259117,-0.1332469646608373,0.2240179860215271,-0.04471736437701268,0.03411490471779399,237.0,19.701574264202602,0.6962025316455697,-0.017511044147275865,-0.029633546679755596,-1.2694362844004266,3.3759353301867026,968.0,-0.08022927197908536,-0.10004279982622533,0.14707885748020372,0.587331325183917,0.11860043270169347,-0.0057667464818425525,-0.01100828829103162,1.0788433489748566
1x_33/33/33_putstop(-1%)+straddle+long30dcalls_unhedged_FIXED,0.0301386112962867,0.03576604100457076,0.8427038271654012,0.7034101434138745,-0.13095820707264227,0.23013915637657492,-0.11728015926800195,0.256979624553678,-0.033052170246381296,0.03064579001590073,237.0,19.701574264202602,0.679324894514768,-0.018447280887839358,-0.02527947014922043,-0.8786285709835844,1.5078477375065371,1219.0,-0.07364088568519744,-0.09831778435374361,0.15526163529980544,0.667139333323702,0.10029871524589082,-0.006152673620137916,-0.009526228496863975,1.2407457268854216
2x_50/50_putstop+straddle_FIXED,0.042868831518152906,0.07962833406327109,0.5633829617729359,0.42192374188983295,-0.2614443349667267,0.16396924998818085,-0.2527234615972902,0.16962743089703136,-0.10712297455963204,0.07971470516145351,237.0,19.701574264202602,0.6962025316455697,-0.0328703615304093,-0.06294690362068987,-1.3305070899463147,5.130154344211409,1237.0,-0.14887987318982343,-0.18115782475650632,0.253474191281337,0.489203298886036,0.24868825443137746,-0.010499053338982503,-0.021035165669940282,0.6371883096975824
2x_50/50_putstop(-1%)+straddle_FIXED,0.04569069007158033,0.07416826152746869,0.635417936661045,0.49304554738003314,-0.22399004434695624,0.20398536106723716,-0.20531980140148354,0.2225342600163366,-0.10726241088204214,0.07505310619976835,237.0,19.701574264202602,0.6919831223628692,-0.03325420781478992,-0.05583664343591627,-1.1384712639366463,4.533092969444439,1078.0,-0.1321204249345762,-0.14385204869894408,0.24960242493495863,0.5171945758322454,0.21277188736936556,-0.010203448311845418,-0.015297845101189011,0.7032329422487363
2x_33/33/33_putstop+straddle+long30dcalls_hedged_FIXED,0.030224281077247506,0.0645794473454779,0.4894531720159205,0.386888475516507,-0.26421840429013765,0.11439127852751048,-0.2513897835227509,0.12022875652984599,-0.0733649741332052,0.07151266007931589,237.0,19.701574264202602,0.6751054852320675,-0.029642980240095994,-0.04846614001332447,-0.8982676358586851,3.5368055637581386,1302.0,-0.16598533895517764,-0.2025190347030793,0.2002440127668937,0.47652805714114266,0.1590656070363265,-0.00899834654783296,-0.014271592986250836,0.7347335676721355
2x_33/33/33_putstop+straddle+long30dcalls_unhedged_FIXED,0.03906270601609507,0.07248166695996802,0.5616522569054625,0.4470655410824698,-0.28885263211924606,0.1352340317258004,-0.2692171347371567,0.1450973989981468,-0.0916301855227406,0.07293280695750703,237.0,19.701574264202602,0.6666666666666666,-0.03346480490906358,-0.05512335402639095,-1.1368617791182107,3.712244911487072,1206.0,-0.18986473416555982,-0.23793062843633106,0.2985418152611585,0.6329949671215924,0.22579334659767486,-0.013014691581362392,-0.024375472005178356,0.8702708468822324
2x_33/33/33_putstop+straddle+long30-10vert_hedged_FIXED,0.031065866516482243,0.060901348299766456,0.5286408375132184,0.42035638769413974,-0.23135137431597275,0.1342800171744535,-0.2124325037321806,0.14623876276319664,-0.07049671809687019,0.06401002467390837,237.0,19.701574264202602,0.6666666666666666,-0.026362407789717855,-0.04652634962544289,-1.0439692856960336,3.6879137675721574,1245.0,-0.14242321121573742,-0.17079289922544005,0.19781326497566848,0.4991737789139995,0.15999879046214896,-0.008704252840987225,-0.014371661501671407,0.7147453870485982
2x_40/40/20_putstop+straddle+long30dcalls_unhedged_FIXED,0.04061652778388214,0.07380881458521799,0.5728536557509033,0.44007388546922555,-0.27549512694314493,0.14743102077542133,-0.26229761643295546,0.1548490159241074,-0.09306478294337761,0.07596274141268111,237.0,19.701574264202602,0.679324894514768,-0.0332628250102422,-0.05811134127079733,-1.302604520535639,4.491511994638405,1080.0,-0.1641859725660081,-0.21479497070608988,0.2785518829937705,0.5799908323518691,0.23555146226997642,-0.011904856022029186,-0.02296884093544298,0.7773888456916097
2x_33/33/33_putstop(-1%)+straddle+long30dcalls_unhedged_FIXED,0.04109140606933259,0.06849078023411229,0.6185689991488414,0.5134594559436721,-0.261883650937658,0.15690710711496267,-0.23506499480407483,0.1748086996261694,-0.07044760146994855,0.06944936088943554,237.0,19.701574264202602,0.6582278481012658,-0.03416170267958456,-0.050089114755306335,-0.8740265278881528,2.25553432559184,1222.0,-0.15183120977462117,-0.21153476392717996,0.29504037984960674,0.6620222798457273,0.19912616269503466,-0.012769405159381584,-0.0200215278006731,0.9249149480690902
3x_50/50_putstop+straddle_FIXED,0.052493232168823845,0.11484905266445497,0.5006048295388908,0.37908302228495666,-0.37645962151455803,0.13943920986169797,-0.36388634484200755,0.14425721908200595,-0.1571240641004017,0.12598477553437948,237.0,19.701574264202602,0.6877637130801688,-0.05028140422095469,-0.09095650825111823,-1.3113187493082903,6.121225031369299,1246.0,-0.21924654368495455,-0.27693612435984716,0.3587390063911085,0.4800367030910246,0.3687609500401571,-0.01498464318461179,-0.03175934358160084,0.549077184216415
3x_50/50_putstop(-1%)+straddle_FIXED,0.05603576759216167,0.10481236477369883,0.5694742957246763,0.44408696018435195,-0.3216952609064909,0.1741889744793285,-0.29592554718163133,0.18935765474066482,-0.15742396706260808,0.11471614773504801,237.0,19.701574264202602,0.6877637130801688,-0.043235790205065336,-0.078778908731506,-1.1034243847012344,5.527417040140451,1099.0,-0.19225026106956622,-0.2195364618693615,0.3451219662598337,0.5060382475795813,0.3094497314104097,-0.014252294014628969,-0.02277715234949984,0.6141417938564253
3x_33/33/33_putstop+straddle+long30dcalls_hedged_FIXED,0.03600110514930144,0.09833955744495497,0.4059058144672936,0.3213741067511466,-0.3881094098484663,0.09276019657281108,-0.3725316376525196,0.09663905427243635,-0.11445859329309449,0.12571826372980044,237.0,19.701574264202602,0.6708860759493671,-0.04526677817244862,-0.07460931188460866,-0.7802401525791307,4.422341833232629,1334.0,-0.2547461813456401,-0.29992430746547605,0.3003015216784052,0.4693021501715734,0.24391230924982646,-0.013935491826885863,-0.02253493931675904,0.6049732664132464
3x_33/33/33_putstop+straddle+long30dcalls_unhedged_FIXED,0.047642381380853305,0.11006735120658775,0.47599725610276933,0.3799419456315878,-0.4300604710877689,0.11078065663730859,-0.40244014681625706,0.11838376900952052,-0.14677306174798832,0.13138844809539663,237.0,19.701574264202602,0.6582278481012658,-0.0466901466834313,-0.08437097581704818,-1.1380701201760866,5.279360278775444,1206.0,-0.29969616636205176,-0.3675056252573474,0.44358277095173987,0.6193546677144439,0.3543662815496741,-0.019658941409885056,-0.03856130320273147,0.762724189675319
3x_33/33/33_putstop+straddle+long30-10vert_hedged_FIXED,0.03713518385474934,0.09076896024839635,0.44394499257055303,0.3568943226592584,-0.3385739469209671,0.10968116180368055,-0.31270638481567303,0.1187541593582713,-0.10905175239519871,0.10747868073563938,237.0,19.701574264202602,0.6540084388185654,-0.03846299966524806,-0.07006607438474285,-0.9834855404094732,4.425490081019307,1294.0,-0.21859871515443074,-0.2596580642271673,0.2915507112981158,0.4936282490930647,0.24269719536251405,-0.013223408780318075,-0.02241223606262882,0.584939521059769
3x_40/40/20_putstop+straddle+long30dcalls_unhedged_FIXED,0.04963329357851198,0.10928375725247919,0.4957958643501747,0.38069836097209786,-0.4046162124429712,0.12266758486724644,-0.3859132242431783,0.12861257521259803,-0.14535240945926398,0.12879813612891833,237.0,19.701574264202602,0.6751054852320675,-0.04726062704910605,-0.08636062301002727,-1.3020956670998918,5.875066785522321,1087.0,-0.2575227465126251,-0.33025400304522934,0.4045493754947707,0.5689042495114323,0.3606797331191376,-0.01751409708355419,-0.035624122632063035,0.6763093799194961
3x_33/33/33_putstop(-1%)+straddle+long30dcalls_unhedged_FIXED,0.05023878918069169,0.10167336800097355,0.530291597751811,0.44159932875883606,-0.38893520017553784,0.12917007552419388,-0.35263666813598515,0.1424661520489367,-0.11292901136339417,0.12049093209045969,237.0,19.701574264202602,0.6497890295358649,-0.046490231317628174,-0.07542948714220025,-0.8290966854096518,3.3479346010044,1222.0,-0.23984898545736255,-0.3256525824456342,0.4300528276573665,0.6500366719111843,0.30675268344206497,-0.018947273534765285,-0.03124672152829644,0.8180463107452636
