,2007,2008,2009,2010,2011,2012,2013,2014,2015,2016,2017,2018,2019,2020,2021,2022,2023,2024,2025,2026
1x_idx_short25dput + singles_long30dcalls,-0.008870420020571701,-0.080647460905656,-0.010752305116424665,-0.05729198105767497,0.05518099744140148,0.030037849970951935,0.03394187190182141,-0.017643910573941768,0.031214037318248344,0.016283169585737722,0.06266147310115833,-0.01725614136702791,-0.0019297159758612237,0.004053617269730525,0.06966103003549096,0.035720591014946956,0.022908648554953226,0.06507396553495037,0.05330222078083491,0.0541152776557996
1x_idx_short25dput + singles_long25dputs (put-wing dispersion),0.024238680055060247,0.1180918092594716,0.00765939618914202,-0.010162658435716843,0.028879209993181165,0.01585110749580343,0.023819900526017124,-0.023363083367608284,0.02152431876385097,0.00189030803803103,0.030117186576984922,0.035725848408442396,0.03358828784059642,0.04602737356964215,0.01439772037353615,0.03357807211972297,0.0478036390634311,0.05140302728619317,0.03670920503012898,0.04166490971742798
1x_idx_short25dput + singles_long_wings(30dcall+25dput),-0.009832329429569908,0.046645376347679735,-0.061661808855090094,-0.05434727984699539,0.02848994779680436,0.00312716616190567,0.018712229491695043,-0.024304875206465626,0.015530008149085228,-0.004771297285313891,0.04421385827091484,0.04258516092916276,0.0013733741403434419,0.017331357054135133,0.01776958117437588,0.04498902325179199,0.019777709522596165,0.053689135640576646,0.05005342942298063,0.044339275084120944
1x_idx_short25dput+shortATMcall + singles_long_wings,-0.014368315895486927,0.09561760011814036,-0.06462104671722646,-0.0767796630177846,0.03625230842687133,0.006234442422438535,0.03560948481649162,-0.061851228643400535,0.019734132712134977,-0.01389753412374195,0.0702257793048473,0.024565871954816743,0.03603295955298802,0.031835220004016396,-0.0023456849169636307,-0.056159355806735256,0.04749852239681496,0.05692713486990297,0.016244639456064913,0.09759545836437056
1x_idx_20/5condor + singles_long_wings,-0.024567194721527685,0.10332676650832218,-0.07362386865907689,-0.0866889697599732,-0.023418106395099447,-0.03744250588369902,0.009484074531940223,-0.07128401935693385,0.04562072117430738,-0.05822791719471099,0.040724049323974,0.04302880270948273,-0.005816750111258595,-0.07139206083726402,-0.055066058287576936,-0.04392668633184016,-0.009706077427159454,0.05157974405657906,0.06703722922968414,0.07480141803890938
1x_idx_25d/5pct_putspread + singles_long_wings,-0.026665102742276847,0.09010388185144391,-0.10626324428261935,-0.03275695806261569,-0.03758118763910134,-0.04856811346563639,-0.014735104415730338,-0.041901635597168974,-0.04731730316630001,-0.031063107394907363,0.021902956415100983,0.08610366081248944,-0.031559975191504885,-0.08945844253588531,-0.06659569963267009,0.025803317248238145,-0.03139413459473084,0.0174408729498694,0.05122702332620621,0.013201044537209938
"1x_idx_short25dput + singles_long_wings, vega-matched",-0.0332563241404199,0.05331245092115067,-0.04081496022257125,-0.07321476367388247,0.04152661575339289,0.013055771597909827,0.04349446561095438,-0.03685754446932954,0.020374359593817948,0.00594810015339875,0.07915913373379202,0.007167458688219996,0.0130829755464128,0.02018681274101941,0.0660629913079378,0.04896101853685986,0.014704065830646096,0.059510988289012356,0.04539866162606798,0.07825419257202548
"1x_idx_short25dput + singles_long_wings, book SPY hedge",-0.014847421352520263,-0.026130229966932483,-0.15443642765345267,-0.07945629831963386,0.017425570086132325,0.018144816824216647,0.028225916840592058,-0.019572309228072182,0.029471482597943632,-0.027759494548799557,0.03948848243952052,0.020799827874774968,-0.003859416402881677,0.014369550268408693,0.0418750728331414,0.029051351349639987,0.021015674129469808,0.0471674127483499,0.045571228333429525,0.055887385796008715
"1x_idx_short25dput + singles_long_wings, unhedged",-0.009144276849958777,-0.13737324333056844,-0.11830594958232399,-0.06318753990986092,-0.03616529139764668,0.06889724449331425,0.11456301556569515,0.029832866856557283,0.018686306494440696,0.0021234457151504404,0.06600232463803901,0.0035582569935443953,0.06765473698033775,0.07930809865908972,0.06087254122669661,-0.027236575542323838,0.06158177635699347,0.08143633985012677,0.07073054427254788,0.07015696368699675
"1x_idx_short25dput + singles_long_wings, exclude event names",0.0011053330518486781,0.07131676431286382,-0.052608488708491,-0.0429360832922967,0.03220338835576131,0.006169520345374435,0.013935357769219614,-0.021091447846003697,0.011081092353211863,-0.0018502870030498997,0.037174283528343954,0.04053660035841933,-0.0007884132655656684,0.010938634640872413,0.017355024063045343,0.03925268321297737,0.03250326407126147,0.07275236005590635,0.04611775441455834,0.04959269128215005
"1x_component: idx_short25dput alone, SPY hedged",0.024742300099066528,-0.004521618543526951,0.06190789128903784,-0.009628668109291638,0.050363036519297744,0.038145766797131,0.03625143554758603,-0.01778603220755748,0.03420392943467565,0.018710083503725716,0.045166278427688056,-0.011479975329159342,0.031525240397811904,0.03630325329036044,0.053093401072934476,0.026954898663819282,0.050169259019584356,0.06013004067007022,0.039640477505056504,0.049217163256010554
"1x_component: singles_long_wings alone, stock hedged",0.008889817906339692,0.0706442758424084,-0.11619393272017897,-0.042775846711974874,-0.02927289645105613,-0.043446338553783104,-0.027704706550405245,-0.0011776054899684807,-0.029917602833356316,-0.029219815915795144,-0.004754012061511825,0.1003291478274464,-0.017959854798897057,-0.0315927689225558,-0.06664923833489533,0.03779637168616201,0.00799297173977509,0.03942735686210064,0.059682193981110965,0.009116463204760006
"1x_component: singles_long25dputs alone, stock hedged",0.04296082739097207,0.14002419070356908,-0.044435058136703454,0.0002522438996903631,-0.017565665926513874,-0.020482840957621984,-0.011726296697109784,-0.0055857545502771,-0.01265802566552876,-0.01553376302218934,-0.008647860682688413,0.0773132504945282,0.024284170430935115,0.015433027079735151,-0.04512022891711476,0.02537083589915623,0.04810456534405905,0.041266500657632044,0.038905026903781614,0.017070998783546232
2x_idx_short25dput + singles_long30dcalls,-0.06038941721066593,-0.18948401069053988,-0.02457774775906918,-0.1383329926236776,0.14828992809455865,0.07414752731043128,0.08032041522562472,-0.03867462341567807,0.07148753881298964,0.03280102929816198,0.12544404199572012,-0.053520324672539976,-0.027653045999772252,0.005585039407709047,0.15148608779023065,0.055394720057226454,-0.004291084741734341,0.07837357591692884,0.06448264337652776,0.08052256477325237
2x_idx_short25dput + singles_long25dputs (put-wing dispersion),0.0058287829405947456,0.2224348595611405,0.01498117684144673,-0.018373372865878257,0.05478299165159983,0.029322653314430402,0.04330089888298372,-0.040645867716626705,0.03864154799174169,0.0013916113082586001,0.04637245976020088,0.049229814988609455,0.04262677476832777,0.0763209654635586,0.02368317871149661,0.04447281834643935,0.046116003018998875,0.050859776464321715,0.033237531675951226,0.05056482513200078
2x_idx_short25dput + singles_long_wings(30dcall+25dput),-0.061032562614963926,0.08091203207871178,-0.12287738755213151,-0.11585402512167597,0.07038083238230852,0.009859539232053738,0.04434406500039545,-0.050604651337499695,0.03610986118319359,-0.01216068160582695,0.08797627024587551,0.071544307503832,-0.01882159741013434,0.034107768347001244,0.03696594059518188,0.07470490817693354,-0.009895714787382048,0.055354837534625334,0.058172949298129106,0.06144945155734627
2x_idx_short25dput+shortATMcall + singles_long_wings,-0.06999211261795191,0.1851712853456764,-0.12370616750658647,-0.15781129131616423,0.08695295775462997,0.01646887820877252,0.07965960453653032,-0.12617217978067352,0.045498335504505105,-0.031745886718510086,0.14590414606384017,0.0330809514995114,0.05257932159802503,0.06218360897671493,-0.004327513120663928,-0.12581297412496806,0.04460218257491566,0.06250966411039638,-0.012576178714053143,0.1802038145032543
2x_idx_20/5condor + singles_long_wings,-0.09038987027003231,0.20371356122137474,-0.14179887156614546,-0.18109974229474712,-0.05137112820387946,-0.08778403678657021,0.02789912748023826,-0.17685324089101917,0.13224929201446023,-0.15531930881468348,0.10424743214974974,0.08967925896440665,-0.04876951032277943,-0.2010070810358937,-0.17636232942551755,-0.20517203234502945,-0.21510915857708035,0.049775409221595845,0.1819816477975873,0.26718089570348513
2x_idx_25d/5pct_putspread + singles_long_wings,-0.09458568631153108,0.17574914178210976,-0.20880770093266798,-0.07057429252110514,-0.08408483896875041,-0.11608958936167935,-0.03536011860796806,-0.10993472641326074,-0.13551201754966358,-0.10265802060756268,0.05654926587995446,0.249735574627864,-0.1308180097035504,-0.2950767566735767,-0.27846043657708264,0.06887419906574332,-0.37424564316979125,-0.226399894440252,0.13905036597079,-0.11175896626432225
"2x_idx_short25dput + singles_long_wings, vega-matched",-0.1078805520366668,0.09716100896077595,-0.08176218707146987,-0.1562772461147891,0.10309484517505418,0.032288701841320266,0.09878979893370543,-0.07530506268561932,0.04591756021396609,0.011074037133548043,0.15915999098347577,-0.002154650687775983,0.005802145999013186,0.03842164174804985,0.13063934863753013,0.07721868967878098,-0.014162231261044766,0.0659499588696697,0.0481493674535276,0.12141181393634715
"2x_idx_short25dput + singles_long_wings, book SPY hedge",-0.07106274646086086,-0.07307732623927299,-0.3405622536572884,-0.22252656087555478,0.06574503792079334,0.06368784308573439,0.09170055940736255,-0.05329648930648134,0.09113600421625567,-0.08161972099156145,0.1028819545072368,0.02832872298774336,-0.04795449893724635,0.0382048358123277,0.12095887617731416,0.05063447729079229,-0.026333048102110568,0.03857060267436685,0.051580109053681156,0.10577154625579377
"2x_idx_short25dput + singles_long_wings, unhedged",-0.05965645745573789,-0.3069451105179587,-0.30557729629961417,-0.20477832929414086,-0.13356386204116533,0.3083699290264361,0.4139356666485703,0.08735038736207845,0.05160950853133617,0.003216687851631095,0.15743684429464921,-0.014484783328216233,0.13456684445263,0.17757250150950243,0.12702113614131183,-0.06898084610306288,0.0735291672881686,0.11157061590981843,0.09846656088901984,0.10947874589976125
"2x_idx_short25dput + singles_long_wings, exclude event names",-0.039754329403407285,0.1311493980958971,-0.10133965933912725,-0.0869427459044596,0.07334900299694391,0.015193800631859489,0.031039417989985107,-0.041426308451775196,0.023981494583505736,-0.005742021405144571,0.06811889876044885,0.06437892813388246,-0.021443182756753276,0.019480025065699014,0.034630212679372274,0.06124995521381682,0.016147072109019334,0.09220619719896339,0.049627936061628075,0.06959735937301348
"2x_component: idx_short25dput alone, SPY hedged",0.0055553496149074455,-0.02905985327374916,0.1279956275691061,-0.020316172270928634,0.09948869773646485,0.07152160220300408,0.06610870609334718,-0.032261694483439296,0.06129804770072833,0.030318757366498916,0.07173990645543382,-0.03236530927358605,0.038988987428890676,0.060372630312935716,0.0894600246900763,0.033422190806329466,0.049748957976140096,0.06492278076020574,0.03795603803517755,0.06266994663792924
"2x_component: singles_long_wings alone, stock hedged",-0.023925536729684782,0.12885885266614472,-0.22533397261061616,-0.09310448078809686,-0.06570819310780374,-0.10377219771041812,-0.06966894765104703,-0.000475897000729697,-0.08046763869371598,-0.0876524533217602,-0.03183826710209858,0.2798067808837168,-0.08424350136219427,-0.09663058472772579,-0.20819652674264677,0.09472682618319883,-0.09771300278720663,0.0019006372997791843,0.11195243675981725,-0.04386462559259863
"2x_component: singles_long25dputs alone, stock hedged",0.042935808825875554,0.26227257114035996,-0.07987328398877647,0.0006076473835612273,-0.03229936529529298,-0.03876537899075416,-0.0224342203024126,-0.010638959644875934,-0.025238115790156446,-0.033895168861006186,-0.027120556153652164,0.14123874733171493,0.027156801339367265,0.02718573578233796,-0.08750574391213839,0.034093557437978594,0.0453507414519716,0.029864292797809888,0.03513171396015835,0.006021659217763764
