,cagr,vol,sharpe,sortino,maxdd,calmar,maxdd_monthly,calmar_monthly,worst_month,best_month,months,years,pct_pos_months,var95_m,cvar95_m,skew_m,kurt_m,dd_duration_days,worst_3m,worst_12m,beta,corr,down_beta,avg_in_spy_down_m,avg_in_spy_worst10,sharpe_2h,cost_yr,turnover_mo,blown
1x_idx_short25dput + singles_long30dcalls,0.01650257122302823,0.05872445062662052,0.3139926111453841,0.2596221396594759,-0.23431760640960153,0.07042821696539833,-0.21883482526525921,0.07541108323606512,-0.11215935594424487,0.09284667875953678,236,19.6249144421629,0.614406779661017,-0.02279935027602567,-0.044705483048236516,-1.4653976245603058,14.735126725568461,3413,-0.1268361226328426,-0.1348950832728546,0.06014852778487689,0.15759757136793298,0.04564867762800059,-0.0023894722538208898,0.005852237952499584,0.6346524047467589,0.00875067270188295,0.9238807214101116,False
1x_idx_short25dput + singles_long25dputs (put-wing dispersion),0.029160990489192296,0.023039646835183853,1.272480970222311,1.3337891926650833,-0.07559460765993875,0.38575490225933295,-0.06190021694635561,0.4710967413000182,-0.028717099399674373,0.03298608831700878,236,19.6249144421629,0.7076271186440678,-0.005648951765875848,-0.012453812357452557,0.45544916367000693,7.06433603968779,1467,-0.034785323586033035,-0.04541260744221132,-0.016340491076149256,-0.109127138582829,-0.06093152298147573,0.002898095010528796,0.012096358758971849,2.1084508935472503,0.0082728687969738,0.8335272794513692,False
1x_idx_short25dput + singles_long_wings(30dcall+25dput),0.01443244415014533,0.04560689921870008,0.3430103190138156,0.33987041977085597,-0.23842814555845915,0.060531629419592586,-0.218923358982424,0.06592464238274373,-0.09810800768455152,0.06652132185240367,236,19.6249144421629,0.5508474576271186,-0.013823435769893005,-0.027573079094301883,-0.9112769667636235,16.830034877674507,5660,-0.0919863381721393,-0.1526543994830042,-0.024660168633538794,-0.08319725118335096,-0.12472004086216912,0.0015602541433391668,0.018726028278540408,0.8512123396565172,0.01514497639496972,1.0964268272625581,False
1x_idx_short25dput+shortATMcall + singles_long_wings,0.013254400747638284,0.0460115699535552,0.3189924516310806,0.3064192315578938,-0.25438592680305117,0.05210351419282722,-0.2449262373168697,0.0541158876763807,-0.07888929664407773,0.05523804265827992,236,19.6249144421629,0.5508474576271186,-0.01919896138808999,-0.03029505818652643,-0.7010108635619436,6.530602763553524,6350,-0.10552669987415919,-0.15662007297347635,-0.015642197795336092,-0.05230873320123469,-0.05585319387446634,0.0014018573968215587,0.013723625816901574,0.8243668585554184,0.016394463119890117,1.6359227820320885,False
1x_idx_20/5condor + singles_long_wings,-0.007983595903996,0.05753378964470566,-0.09500666805208573,-0.09500526451757337,-0.41621702543261097,-0.019181329489580456,-0.3983939319125136,-0.02003945156912977,-0.06790930038045329,0.07972512118273745,236,19.6249144421629,0.4957627118644068,-0.026683775102424506,-0.03852181556064435,0.3178595946571979,4.666296965758933,6562,-0.08499202674426021,-0.1380664274746939,-0.03176859848142646,-0.08496079271275596,-0.03799406687261216,0.0008771060354945675,0.013284669319381492,0.16262437292334092,0.014767357482647762,1.0934648000648617,False
1x_idx_25d/5pct_putspread + singles_long_wings,-0.01660819496669763,0.05480445385190603,-0.27618214783556716,-0.3356700634004642,-0.4397195234775765,-0.03776997399467201,-0.43432671181479743,-0.03823894435896354,-0.08074196448776583,0.08523058782969017,236,19.6249144421629,0.3601694915254237,-0.019470908444924107,-0.03248036166544226,1.1944601746058818,9.943038013108696,6514,-0.08912260655949555,-0.16954385901104518,-0.09264629735095331,-0.26010918861624777,-0.22613187638192617,0.0025474124992247607,0.02198744064530278,-0.0012992417049931238,0.015594686623611215,0.9212167981406395,False
"1x_idx_short25dput + singles_long_wings, vega-matched",0.02087329467120691,0.05494827447928206,0.41750206941418216,0.3859464614826563,-0.25621453488843027,0.08146803490401619,-0.23067055525999047,0.09048963638935392,-0.10172993638659034,0.0855050422537933,236,19.6249144421629,0.5847457627118644,-0.020058070033746184,-0.0381770127172987,-0.8426448482065059,11.438849661716645,4812,-0.10087118291349084,-0.1409803938759443,0.012833970711575575,0.03593771549129698,-0.08939319489312539,-0.00036171816637722175,0.018979772816034145,0.8432097990630276,0.015951590440355896,1.3486504390141285,False
"1x_idx_short25dput + singles_long_wings, book SPY hedge",0.0029315428486598183,0.058373666851778416,0.08452552798217995,0.08349019277741265,-0.3372182040086662,0.008693311374686286,-0.3296355108952983,0.008893285922677671,-0.11576490076946222,0.08027974387264569,236,19.6249144421629,0.5,-0.021957406660009393,-0.03824225469190858,-0.8826984064058604,11.086514242301307,6416,-0.10620857909937331,-0.2525139400418269,-0.03505631141381201,-0.09240441550549541,-0.1462276401537593,0.0005826134596404963,0.017970528933612107,0.6020054832712392,0.01514497639496972,0.33704274413070484,False
"1x_idx_short25dput + singles_long_wings, unhedged",0.01825749591186665,0.06090607154935699,0.33775641814896135,0.3018822991082689,-0.3539712281617362,0.05157903936622909,-0.3417330823836323,0.05342618801936957,-0.12019142630278246,0.05241831439264,236,19.6249144421629,0.5635593220338984,-0.021165472924497414,-0.04463087203446867,-1.6731091016754818,10.8920475519957,4203,-0.15017876433373833,-0.2422110465466285,0.14789666308407765,0.3736295942705418,0.06640473043098243,-0.0061914570433172925,-0.0037688853225507635,1.0942012949045026,0.01514497639496972,0.0,False
"1x_idx_short25dput + singles_long_wings, exclude event names",0.017960162044651007,0.03735555911014416,0.502340477914259,0.5138665839569504,-0.18992222638580403,0.09456587776181136,-0.1781948634737165,0.10078944866612335,-0.07045855761945508,0.05272016174760119,236,19.6249144421629,0.5635593220338984,-0.01276074717609485,-0.022630818913705664,-0.5532164735508774,10.561011811783597,4973,-0.060970311975767966,-0.11916892981557059,-0.016941489255739645,-0.06978142357290196,-0.1007676125795166,0.0015947518596519774,0.015485393309968998,1.0985124379848288,0.012789037098922852,0.9508956482552705,False
"1x_component: idx_short25dput alone, SPY hedged",0.030973374629631678,0.03179879633812248,0.987295156204901,0.6478370046236603,-0.09939500202250273,0.3116190351565102,-0.07290361668743084,0.42485374576720736,-0.05662590444199134,0.04800045476313053,236,19.6249144421629,0.7669491525423728,-0.009911157498351947,-0.02409520590823073,-2.245768535824553,16.583229643976246,990,-0.06323543919126351,-0.036868147413617214,0.058672707005902644,0.2839023098615514,0.09877621911483114,-0.0004935758352424771,-0.00027858575983470414,1.2269848476875218,0.0018830687166098974,0.4123796256924721,False
"1x_component: singles_long_wings alone, stock hedged",-0.006659888012015558,0.05200948718981527,-0.10577196716917063,-0.12917991345625393,-0.37824493761580147,-0.01760734209423914,-0.3728596014035581,-0.017861650838400547,-0.08488874472654517,0.07172743721600772,236,19.6249144421629,0.3898305084745763,-0.01609848309095885,-0.028880167718743622,0.8645803465122922,9.896372057134084,6514,-0.08840912546099111,-0.17921107268377667,-0.10281980734514191,-0.3041849307578236,-0.23717675097771695,0.004313049416873151,0.021841939404329557,0.26679613560561355,0.01326641129108268,0.6850467948414245,False
"1x_component: singles_long25dputs alone, stock hedged",0.01386331198205304,0.031567890634660256,0.4468311630044259,0.7086648894877018,-0.16521804585485633,0.08390918746389196,-0.15806038529186772,0.08770895981591861,-0.02923095894345451,0.06376139565300787,236,19.6249144421629,0.4788135593220339,-0.008435610638879099,-0.012804912574941365,2.849270161476533,16.441378053121063,4129,-0.03271708032727405,-0.05234813797057247,-0.08079550492053914,-0.39380852864293775,-0.16177611989475033,0.005213180052032157,0.014201603981470778,0.7846955865138177,0.006394303693086758,0.42214724703023554,False
2x_idx_short25dput + singles_long30dcalls,0.017971015006600588,0.13014952246946335,0.2094023663268534,0.18334392860318188,-0.46886195079864124,0.03832901129210732,-0.44425864391999403,0.04045169464353059,-0.23207396534952163,0.22964361943930012,236,19.6249144421629,0.5805084745762712,-0.04956543462899918,-0.09896977013161194,-0.8691626275812877,14.50196993177404,4830,-0.25849178725214383,-0.2742766997417442,0.12478998533645483,0.1475300997339112,0.05757511086883873,-0.0062926322868334375,0.015826797711223094,0.4247543022997019,0.0161205061222125,1.8477614428202231,False
2x_idx_short25dput + singles_long25dputs (put-wing dispersion),0.040425586781485556,0.04124658945989875,0.9987785221716349,1.0842293527599396,-0.13456234287343338,0.30042273282584747,-0.11103415917362147,0.3640824326707696,-0.05314445554587066,0.06049039515090415,236,19.6249144421629,0.6652542372881356,-0.010831075898090292,-0.022337192230107633,0.6492879138142543,7.960857315186942,1432,-0.06427630216087099,-0.08266209345644016,-0.031711567507381334,-0.11829684091469109,-0.1139476628027704,0.004359264236373308,0.021507950071421988,1.588542035739501,0.015164898312394195,1.6670545589027383,False
2x_idx_short25dput + singles_long_wings(30dcall+25dput),0.014862369243922924,0.09259905246814418,0.21265266594402346,0.21882313520826613,-0.43040274791366595,0.03453130658660235,-0.4018938308330777,0.03698083449829278,-0.1816034740271084,0.1434354265468507,236,19.6249144421629,0.5211864406779662,-0.03186730290586404,-0.0562371939954476,-0.35800509380675133,13.121126961379423,6323,-0.16979731785636998,-0.28040603941545306,-0.04830027817856165,-0.08025767429270798,-0.2639336962217495,0.001861236510483645,0.03808055987078235,0.5720438110274798,0.027889040130850497,2.1928536545251163,False
2x_idx_short25dput+shortATMcall + singles_long_wings,0.012616724456476547,0.09265696622451632,0.1924986884069305,0.18849416252154608,-0.44466710247138286,0.028373415497469846,-0.4320429948208532,0.0292024743086231,-0.14026597676655395,0.1038100494959242,236,19.6249144421629,0.5254237288135594,-0.03877569907991987,-0.06081577284625991,-0.4420713726627563,4.243005109997858,6540,-0.18723868299956936,-0.27639865891108484,-0.03169663734842526,-0.052635480980794375,-0.11193919443210648,0.0018061756667018076,0.025983424603370865,0.5474646531321055,0.030267758279352026,3.271845564064177,False
2x_idx_20/5condor + singles_long_wings,-0.04584614170560175,0.2111169051159117,-0.11214364059726287,-0.12169131275358423,-0.8368014121786574,-0.05478736177827288,-0.8252853437167422,-0.055551867065916596,-0.2524643859548139,0.501558639629192,236,19.6249144421629,0.4830508474576271,-0.0922729774282148,-0.1416472029131025,1.935464851174628,20.72128880493368,6562,-0.2972457357439201,-0.4211058119757751,-0.09364451808536282,-0.06825002733309553,0.12589803541970399,0.004113479743984795,0.024838187496060794,0.014696561615960837,0.02701354700486729,2.1869296001297234,False
2x_idx_25d/5pct_putspread + singles_long_wings,-0.09909622471236768,0.28542969471931595,-0.24461285633002774,-0.3745312327442919,-0.9122481666281498,-0.10862858193362776,-0.9098761708120089,-0.10891177051480572,-0.19928151560647556,0.8678969982057161,236,19.6249144421629,0.326271186440678,-0.09673820645408085,-0.14794344779504776,5.290411279703639,54.09570100030695,6514,-0.32658873814346734,-0.44427893352204795,-0.2289049839373652,-0.12339557241016184,-0.3402776033361575,0.009336275636758144,0.06164710156427785,-0.15102170837001003,0.028668205286794195,1.842433596281279,False
"2x_idx_short25dput + singles_long_wings, vega-matched",0.026980520518693263,0.11118375140053997,0.31033076185594155,0.29482312247688885,-0.4645085867257932,0.058084008110317865,-0.4286057818655725,0.0629495019905154,-0.19053297662073532,0.18318620135063823,236,19.6249144421629,0.559322033898305,-0.040465148423446395,-0.07795421853195478,-0.5232449812435751,10.620875778268434,4834,-0.1893943911787066,-0.27153228265144047,0.02451930046952705,0.033932060582066007,-0.19733426685057587,-0.001859835344812782,0.03927078341100051,0.6352716743130224,0.029502268221622822,2.697300878028257,False
"2x_idx_short25dput + singles_long_wings, book SPY hedge",-0.011017940226850875,0.15343295243159952,0.008670842051444999,0.009094265489841791,-0.6518190683388583,-0.016903372058337862,-0.6390272958194827,-0.01724173646248017,-0.22568161549809118,0.2493305605777718,236,19.6249144421629,0.4872881355932203,-0.06253700127608036,-0.09693434735296734,0.2786931187067963,6.581085951273987,6563,-0.22986072516381206,-0.48999803147337895,-0.07797506042172853,-0.07819528362609077,-0.3859232752114267,-0.00046359431990888243,0.04754384118703159,0.3646739629550494,0.027889040130850497,0.6740854882614097,False
"2x_idx_short25dput + singles_long_wings, unhedged",0.02220801791621474,0.16172184760562833,0.22772647779288827,0.21059939117519588,-0.7261451512652256,0.030583441723076695,-0.7205574428310839,0.030820607207884793,-0.2635967351672758,0.16251090342586205,236,19.6249144421629,0.538135593220339,-0.057727666412772216,-0.12195860905592286,-1.0968030572284404,7.573312057806037,4755,-0.34914281905721667,-0.5085000081293856,0.3799962434197008,0.3615381157509581,0.1413983350062737,-0.018581597559824078,-0.007408959253847236,0.8772415322629671,0.027889040130850497,0.0,False
"2x_idx_short25dput + singles_long_wings, exclude event names",0.021437192356782875,0.0731466201947315,0.33504447670525656,0.3461851768247218,-0.344649197971182,0.0622000355230055,-0.32590311471539135,0.06577780754106571,-0.13002374952093043,0.10246240456915512,236,19.6249144421629,0.5423728813559322,-0.025983865769919623,-0.045110447644964184,-0.2885414922879626,8.80787609733387,4993,-0.11222483595854693,-0.21803467803010035,-0.032104809236406594,-0.06753350823652915,-0.20437130855650296,0.001924589804803748,0.030012904654387128,0.7532381349012588,0.023431881735356326,1.901791296510541,False
"2x_component: idx_short25dput alone, SPY hedged",0.04276313315813507,0.058527874343292374,0.7603252148904633,0.5247762783183587,-0.19362662319141,0.22085358125499863,-0.1433062741780765,0.29840377473631313,-0.11138815739902264,0.08656433862377666,236,19.6249144421629,0.7288135593220338,-0.020446262733691184,-0.04530668034362872,-2.2913206912060944,17.213038037558285,1011,-0.12465418973261833,-0.0786943486221936,0.10713579792476959,0.28165362062497035,0.1842719814660779,-0.001853812872991862,-0.0012179650888377914,0.8958158151702952,0.0034053715292019374,0.8247592513849442,False
"2x_component: singles_long_wings alone, stock hedged",-0.04188876721202717,0.14489266985378013,-0.22697275029590397,-0.30015783484268327,-0.7161333694034047,-0.0584929693290564,-0.7063932376718357,-0.059299502002717566,-0.1537420569922262,0.2692326186086571,236,19.6249144421629,0.3559322033898305,-0.05390260199318192,-0.07649598116648096,1.9228742410809383,10.027453852967305,6514,-0.15973121345427976,-0.322842789897549,-0.24544473364940167,-0.26064583198672675,-0.5301210808389514,0.009758902341567337,0.05278792673605411,-0.01186500518420054,0.02449267582709429,1.370093589682849,False
"2x_component: singles_long25dputs alone, stock hedged",0.012356904829192716,0.05981187645618965,0.23065274527528956,0.3593389765835855,-0.29523214679212706,0.041854875776428276,-0.28473828813251745,0.0433974120945821,-0.05175136563335281,0.11779640410660153,236,19.6249144421629,0.4491525423728814,-0.01628591260269499,-0.0245703597734873,2.9617434695553175,16.52776772416391,6524,-0.06782897857424808,-0.09230311146064885,-0.15696952295502217,-0.4038047210276389,-0.31325612519295354,0.009066413215875433,0.02644780906048817,0.4038159288877834,0.011768534008637995,0.8442944940604711,False
