strategy,L,cagr,vol,sharpe,sortino,maxdd,calmar,worst_month,cvar95_m,y2008,y2020,y2022
PW dip 1.0x at -1%,1,0.01906374992283122,0.011926430333111922,1.580916126206657,0.5166364877110923,-0.023395875532610688,0.8148337896677099,-0.014196645431212462,-0.002187568814326829,0.0047179151376679496,0.003673709658143398,0.029209908213367664
PW dip 1.0x at -1%,3,0.024270731014679248,0.031644963112145715,0.7698299042798442,0.25215315529384213,-0.08566377911079825,0.2833254762586096,-0.043221803226787814,-0.006979715873704838,-0.025210833923994147,0.0036737096581447304,0.053238312864706705
PW dip 1.0x at -1%,5,0.029064087160313612,0.05204702924428835,0.5730390311420711,0.20536005969851603,-0.14554247062957792,0.19969488654816783,-0.07272664756333302,-0.011127367211476087,-0.055727506765171464,0.0036737096581462847,0.07698015333288089
PW dip 1.0x at -1%,10,0.03931690870281779,0.10352602226808442,0.4182444955166971,0.1467179156913417,-0.28514670152379074,0.13788309137967514,-0.14866707022228365,-0.023077788584487665,-0.13459135540349032,0.0036737096581498374,0.1350810362019641
PW dips 0.5x at -1% and -2%,1,0.018811024807467547,0.009966588369659597,1.8648218245816839,0.45437915456770744,-0.021061196604940546,0.8931603061458933,-0.01573137491941734,-0.0015955264046426836,0.012627273206251344,0.0036737096581453965,0.023149079431027175
PW dips 0.5x at -1% and -2%,3,0.023592220319681,0.025515832428758038,0.9223574334207928,0.23174076435806926,-0.07002773337162382,0.33689824279306013,-0.047675636734710425,-0.005573001112001809,-0.0022981476047807536,0.0036737096581500595,0.035216854408061105
PW dips 0.5x at -1% and -2%,5,0.028061542365967362,0.04185295301910492,0.6790023383245911,0.16689024464163518,-0.12067011271243,0.23254757731801468,-0.07989227536671806,-0.00943891999252545,-0.018898676044042606,0.0036737096581558326,0.04721276905576177
PW dips 0.5x at -1% and -2%,10,0.03792325439863964,0.08309515945646426,0.4858553862637696,0.13533915125242874,-0.24122219346532148,0.15721295728990023,-0.1616486284835884,-0.01946889346742255,-0.06772859301570133,0.003673709658168045,0.0768881667341843
EV dip 1.0x at -1%,1,0.01790719556657594,0.007065858962147739,2.501391103119241,2.7521938725241317,-0.010985808244859951,1.6300298683034424,-0.002613123991277888,-0.00018967112495303176,0.0299954345691944,0.026811341653381726,0.01708824431901057
EV dip 1.0x at -1%,3,0.021031748307220433,0.015180640152111605,1.3718135944711112,1.1895219323643378,-0.03140934197376066,0.6696016848996816,-0.008106055572395965,-0.0009115672726077717,0.05106266720522079,0.07308660564385905,0.017088244319011014
EV dip 1.0x at -1%,5,0.02404311317662744,0.024402535327931994,0.981098626659511,0.767697843357495,-0.04999194355874337,0.48093975679052003,-0.013598987153514153,-0.0017370625902077062,0.0721298998412474,0.11936186963433681,0.017088244319010792
EV dip 1.0x at -1%,10,0.03112453326036957,0.04800484432814344,0.6583293856321788,0.5526662943758586,-0.08986240976474547,0.3463576521245288,-0.027331316106309345,-0.004223660152585897,0.1247979814313136,0.2350500296105309,0.017088244319010792
"all dips 1.0x (PW -1%, CO -1%, EV -1%)",1,0.021342008432012616,0.012320015959267907,1.7119611051561017,1.114006534176504,-0.01669524056224314,1.2783288957380046,-0.011409849289859997,-0.001412871488736589,0.015292970477172485,0.02681134165338217,0.029209908213367664
"all dips 1.0x (PW -1%, CO -1%, EV -1%)",3,0.03110420637754907,0.03308275127629583,0.9386799166694951,0.5811404409993277,-0.06583780323258526,0.4724368804904869,-0.034742308543271316,-0.004892690611440427,0.006762966223468281,0.07308660564386127,0.05323831286470693
"all dips 1.0x (PW -1%, CO -1%, EV -1%)",5,0.04045770699056783,0.054462506921133434,0.7519756610432127,0.49137906263496767,-0.11306877360566692,0.3578150332793574,-0.058074767796682525,-0.00868878615189498,-0.002023449637820529,0.11936186963433992,0.07698015333288089
"all dips 1.0x (PW -1%, CO -1%, EV -1%)",10,0.06218897231234499,0.10816134011039218,0.6051913691126287,0.4148807184768152,-0.2231948381008224,0.2786308717599139,-0.11640591593021066,-0.019920472716671633,-0.02511129007421853,0.23505002961053756,0.13508103620196454
all dips 2 tranches 0.5x,1,0.020734510140191675,0.009980671831006573,2.051083565627384,1.5858361933165985,-0.01692697076914984,1.2249392063688824,-0.0056017535479533365,-0.0012876421178334985,0.02307447289604614,0.01913530554762022,0.025070182239828043
all dips 2 tranches 0.5x,3,0.029377275692220817,0.02552597570929259,1.142703902318207,1.0087603040468438,-0.053891212800380894,0.5451218142192781,-0.017318021317551224,-0.005506773341573114,0.029511165913710613,0.0501048260134529,0.04104813954539521
all dips 2 tranches 0.5x,5,0.0377300870234929,0.04182931234720506,0.9030066285466372,0.75427208628051,-0.09418311710024152,0.4006035071374394,-0.029034289087149223,-0.010124346289356842,0.034877201608788155,0.08113611806178844,0.05704419749805578
all dips 2 tranches 0.5x,10,0.05742193579117538,0.08287565551634106,0.7107578919850994,0.5909964592763213,-0.19022570170347874,0.30186213154668196,-0.05832495851114372,-0.022018526096117142,0.043456064304607356,0.15898459885607874,0.09710821993530372
