date,n,n_event,vrp_event,vrp_nonevent
2007-01-19,30,6,0.05688414079019491,0.07309379804129845
2007-02-16,30,0,,-0.05056572609390933
2007-03-16,30,8,0.09870954690539624,0.05136254430544088
2007-04-20,30,5,0.054135932692443434,0.03632521735755255
2007-05-18,30,0,,0.02110278679098601
2007-06-15,30,10,0.04998468678315022,0.028200003247225575
2007-07-20,30,4,-0.08631342863862074,-0.03678319949031286
2007-08-17,30,19,0.1512798772268742,0.050825786703609765
2007-09-21,30,0,,0.0390368047264886
2007-10-19,30,3,-0.09181670304683637,-0.008312927283934846
2007-11-16,30,13,0.02602782765877401,0.02032730095297325
2007-12-21,30,0,,-0.05155852101545301
2008-01-18,30,5,0.091511314654386,0.012403359066414432
2008-02-15,30,1,,-0.04411423720957092
2008-03-20,30,1,,0.07877386317700114
2008-04-18,30,3,0.07741963479171673,0.07086334326985066
2008-05-16,30,5,0.023461801345866867,-0.02255899200013417
2008-06-20,30,2,,-0.03387914026377334
2008-07-18,30,5,-0.053392002427494784,-0.04474947388790107
2008-08-15,30,2,,-0.07793923774676029
2008-09-19,30,7,-0.5236450565884696,-0.510771447201203
2008-10-17,30,12,-0.07321060516359051,-0.19867323141109378
2008-11-21,30,3,0.41277396450101755,0.17505328322711144
2008-12-19,30,0,,0.04358678464640037
2009-01-16,30,11,-0.0516864541508244,-0.0015125297696371998
2009-02-20,30,3,0.03998032701256271,-0.09135861476339516
2009-03-20,30,0,,0.03667244923104465
2009-04-17,30,1,,0.03694031655858826
2009-05-15,30,0,,0.04149835784194156
2009-06-19,30,0,,0.026523317880747327
2009-07-17,30,3,0.05838085869516113,0.05362521810018703
2009-08-21,30,0,,0.07045328636312444
2009-09-18,30,0,,0.039482725434104665
2009-10-16,30,3,0.16156602131738118,0.005290934784005996
2009-11-20,30,0,,0.0613261641876771
2009-12-18,30,1,,0.04833114092394447
2010-01-15,30,2,,-0.016863738304246034
2010-02-19,30,0,,0.08490474028781587
2010-03-19,30,0,,0.042190047532943926
2010-04-16,30,3,0.026389958686468623,-0.07304639424659959
2010-05-21,30,0,,0.08122402286378257
2010-06-18,30,0,,-0.02897997919267077
2010-07-16,30,3,0.15418006789207014,0.03627165969780316
2010-08-20,30,0,,0.03789955884644752
2010-09-17,30,0,,0.0448241058395589
2010-10-15,30,1,,0.04290750249261807
2010-11-19,30,1,,0.02873617749168686
2010-12-17,30,1,,0.038197128502203
2011-01-21,30,3,0.0664944229331082,0.022485329782856084
2011-02-18,30,0,,-0.0387287640403514
2011-03-18,30,0,,0.08427507669388742
2011-04-15,30,6,0.06774365216151987,0.014327142210439403
2011-05-20,30,0,,0.009356665349470217
2011-06-17,30,0,,0.04738262189047396
2011-07-15,30,3,-0.15197996306771866,-0.23116223520823834
2011-08-19,30,5,0.1661243427456245,0.12077005370593008
2011-09-16,30,1,,-0.058487291306148714
2011-10-21,30,1,,-0.02269217869945389
2011-11-18,30,1,,-0.0010712161496940764
2011-12-16,30,1,,0.051523268787159404
2012-01-20,30,1,,0.054538960922436486
2012-02-17,30,0,,0.0370990160526269
2012-03-16,30,1,,0.0021932211111059807
2012-04-20,30,3,-0.11664518626426379,0.004630612682203161
2012-05-18,30,1,,0.045748535364745685
2012-06-15,30,3,0.03568382529048475,0.019175405458106226
2012-07-20,30,3,0.00979237376320885,0.04454680433720265
2012-08-17,30,0,,-0.0064872836300971515
2012-09-21,30,2,,0.01915441473157952
2012-10-19,30,3,0.03446487573265147,-0.017880228685916377
2012-11-16,30,1,,0.036342362128296
2012-12-21,30,0,,0.033541642577350164
2013-01-18,30,3,0.038218995115071375,0.012799646422237132
2013-02-15,30,4,0.00542937518745136,-0.013806841893199695
2013-03-15,30,1,,-0.027827797535687954
2013-04-19,30,7,0.011081763652483617,0.03173642223720774
2013-05-17,30,1,,-0.018471007701104603
2013-06-21,30,2,,0.06270407912426751
2013-07-19,30,6,0.05759356352667834,0.03680005030431463
2013-08-16,30,1,,0.027583515019522165
2013-09-20,30,1,,0.010026147080574782
2013-10-18,30,3,0.023854205097798065,0.024070798535593074
2013-11-15,30,1,,0.018893390571665974
2013-12-20,30,0,,0.045881338319310475
2014-01-17,30,10,-0.008987764276380553,-0.02823391390737693
2014-02-21,30,1,,0.011116646448637246
2014-03-21,30,0,,-0.016141198676028215
2014-04-17,30,9,0.057684816403809375,0.01691663646261246
2014-05-16,30,2,,0.04007230427706957
2014-06-20,30,0,,0.013859062400410523
2014-07-18,30,5,0.058975594331786674,0.001161040047466172
2014-08-15,30,1,,0.03815652995980734
2014-09-19,30,0,,-0.06901773763717471
2014-10-17,30,13,0.05015882083263598,0.08267212751902922
2014-11-21,30,0,,-0.06387110495352562
2014-12-19,30,0,,0.0006962819724423558
2015-01-16,30,8,-0.03442322226461568,-0.007707926270106552
2015-02-20,30,0,,-0.005852275423948089
2015-03-20,30,0,,0.014314122715657865
2015-04-17,30,16,0.06789868241075281,0.038722545282952506
2015-05-15,30,1,,0.03465542447627942
2015-06-19,30,1,,0.0006658380130177832
2015-07-17,30,9,0.0015332109456789589,0.011418788521050216
2015-08-21,30,10,-0.023975744827693685,-0.06886303119349965
2015-09-18,30,2,,0.031101397689678623
2015-10-16,30,7,-0.03042005551846974,-0.0004214325810952546
2015-11-20,30,1,,-0.031673521716486075
2015-12-18,30,1,,-0.008934244518708973
2016-01-15,30,20,0.018299288741852854,-0.016799143915702336
2016-02-19,30,1,,0.045049789631028125
2016-03-18,30,3,0.012050117218247391,0.03582858425347807
2016-04-15,30,12,0.04285378886393111,0.01726667973186348
2016-05-20,30,0,,0.04447874104536287
2016-06-17,30,1,,0.0006292479963661834
2016-07-15,30,8,0.023939989206240797,0.03930629459695929
2016-08-19,30,0,,-0.006983945008476447
2016-09-16,30,0,,0.04486749239702547
2016-10-21,30,8,0.02787383692859545,-0.014004042820719029
2016-11-18,30,0,,0.02367594982073211
2016-12-16,30,0,,0.06362891011972213
2017-01-20,30,10,0.0497866384649258,0.012059278195589829
2017-02-17,30,1,,0.03217152141596885
2017-03-17,30,2,,0.03957252441249813
2017-04-21,30,11,0.04530056098704688,0.02461405728743496
2017-05-19,30,2,,0.01295311051853406
2017-06-16,30,0,,0.016303232859123745
2017-07-21,30,6,0.06357662413213441,0.01679134197470089
2017-08-18,30,2,,0.021265708762983018
2017-09-15,30,0,,0.025198480280797048
2017-10-20,30,7,-0.00357441803946279,0.01879297775727931
2017-11-17,30,0,,-0.0008005896397999951
2017-12-15,30,1,,0.016117702252754745
2018-01-19,30,10,-0.10778960282441331,-0.15585538121233378
2018-02-16,30,2,,0.01568231542933589
2018-03-16,30,2,,-0.08744717191394494
2018-04-20,30,12,0.06680889585323387,0.04071703844657712
2018-05-18,30,1,,0.0029032775548075707
2018-06-15,30,2,,-0.002876801882627289
2018-07-20,30,10,0.025406243316420704,0.035806651253887795
2018-08-17,30,0,,0.02329707477930716
2018-09-21,30,2,,-0.053937981514389374
2018-10-19,30,13,-0.061814960417153786,-0.03729503370966608
2018-11-16,30,1,,-0.0511455942914385
2018-12-21,30,3,0.06056008187838158,0.028551773134990688
2019-01-18,30,8,0.017722600062742025,0.030168791435368117
2019-02-15,30,2,,0.05672904780853981
2019-03-15,30,0,,0.008538934079389757
2019-04-18,30,14,-0.004714144346747023,0.009967030866557508
2019-05-17,30,2,,-0.009792919075316348
2019-06-21,30,0,,0.0508923921446259
2019-07-19,30,12,-0.0705308849950748,-0.052468358401044926
2019-08-16,30,3,0.05312267019416278,0.010377627562216968
2019-09-20,30,0,,0.004443760189640683
2019-10-18,30,13,0.028112508635061595,0.05402096269220785
2019-11-15,30,2,,0.028872883345615108
2019-12-20,30,0,,0.02762063424440904
2020-01-17,30,13,-0.01554669435778483,-0.03202602253213126
2020-02-21,30,5,-0.6690834821799282,-0.7217358640535617
2020-03-20,30,17,0.12931216217308406,0.0624060438158025
2020-04-17,30,12,0.06833022317334764,0.07371262019930645
2020-05-15,30,5,0.015949912266168625,-0.027357519252853846
2020-06-19,30,1,,0.0765476342508411
2020-07-17,30,10,0.04477121643694827,0.11157108065305778
2020-08-21,30,1,,0.009006581280621262
2020-09-18,30,0,,0.056742094772050874
2020-10-16,30,8,-0.026198918902215873,-0.06255464343837205
2020-11-20,30,1,,0.05375548654103929
2020-12-18,30,0,,0.07970492580164289
2021-01-15,30,3,-0.0021599526688488857,0.06238457235731851
2021-02-19,30,0,,-0.027090297723083426
2021-03-19,30,1,,0.07345694446477485
2021-04-16,30,8,0.0517318876539883,0.014850493348931446
2021-05-21,30,1,,0.06928523159338301
2021-06-18,30,0,,0.04558105425980879
2021-07-16,30,6,0.0911001212745145,0.03267086753738971
2021-08-20,30,1,,0.050622809862317514
2021-09-17,30,1,,-0.011063446576760005
2021-10-15,30,4,-0.07761622733792978,0.00868818130612349
2021-11-19,30,1,,-0.05819033949338068
2021-12-17,30,1,,0.03391658800358327
2022-01-21,30,14,0.03130743616099965,0.04191943295391613
2022-02-18,30,2,,-0.05577195970839759
2022-03-18,30,3,0.17957344958850674,0.007083052851079685
2022-04-14,30,6,-0.0971413377069042,-0.07978905817384538
2022-05-20,30,2,,-0.01261833761826539
2022-06-17,30,0,,0.0548114156464926
2022-07-15,30,10,0.057347117447517915,0.07106283589537284
2022-08-19,30,0,,-0.02197486399840526
2022-09-16,30,0,,0.0045004689540706355
2022-10-21,30,9,-0.12374241591623053,0.007672810426202825
2022-11-18,30,2,,0.021303260707912386
2022-12-16,30,0,,0.05649549690128622
2023-01-20,30,11,0.020694737649504136,0.02318286630031635
2023-02-17,30,3,-0.016167029135854494,0.025915011854658387
2023-03-17,30,1,,0.1043161891092367
2023-04-21,30,12,0.013213994630008857,0.029184894868329175
2023-05-19,30,1,,0.013653739480496585
2023-06-16,30,0,,0.009872051895084638
2023-07-21,30,19,0.04526084016089671,0.008233409546244463
2023-08-18,30,4,0.12484462408171666,0.04526227565262221
2023-09-15,30,0,,0.012001076280279556
2023-10-20,30,13,0.06024896868183732,0.04016005680485599
2023-11-17,30,3,0.04277321658281624,0.025559565944122564
2023-12-15,30,2,,0.020671497599292682
2024-01-19,30,16,0.03196637190818161,0.017102330062673504
2024-02-16,30,6,-0.07293384503757855,0.013054234655367869
2024-03-15,30,2,,0.031033834225162107
2024-04-19,30,17,0.06911034919049974,0.0495034838479928
2024-05-17,30,4,-0.028563348948055484,-0.012716810107377352
2024-06-21,30,4,0.012838391920769673,-0.019877118512356295
2024-07-19,30,16,-0.013326119856202315,-0.04015978040840609
2024-08-16,30,3,0.02947281273875918,-0.032306150761472585
2024-09-20,30,1,,0.03950937192879153
2024-10-18,30,18,0.06699044637175136,-0.024537827574046808
2024-11-15,30,3,-0.04106845993432828,0.03140617828564174
2024-12-20,30,1,,0.048599843276799004
2025-01-17,30,15,-0.015179042755541688,-0.02558999293765793
2025-02-21,30,6,-0.04199993544309022,-0.05505398595851253
2025-03-21,30,2,,-0.3179125708283869
2025-04-17,30,16,0.12105847742223111,0.0795869047559494
2025-05-16,30,7,0.11027129759075255,0.05578912620588544
2025-06-20,30,1,,0.06364095779509105
2025-07-18,30,13,0.039825531715245,0.01809876994350909
2025-08-15,30,8,0.02679629225891586,0.03541641725352808
2025-09-19,30,2,,0.027475966764447357
2025-10-17,30,16,0.10841342355352634,0.06210071783704198
2025-11-21,30,6,0.12761544907692424,0.058175507106457636
2025-12-19,30,0,,0.015867730789076495
2026-01-16,30,9,-0.06668669034476071,-0.042081969129578845
2026-02-20,30,3,0.2238218659664018,0.028605065432807275
2026-03-20,30,2,,0.018979468888819406
2026-04-17,30,8,0.06566491543407887,0.01428761431673814
2026-05-15,30,4,-0.060210584622620744,-0.0008907939580826973
2026-06-18,30,3,-0.02261308637720727,-0.038243114415315416
2026-07-17,30,11,-0.01568483891929473,0.052512848428787395
2026-08-21,30,1,,0.015340957763678734
