core,hedge,w_tlt,w_gld,cagr,vol,sharpe,sortino,maxdd,calmar,worst_month,worst_12m,beta
mom10 100% + book 5x,trail 15%,0.3,0.0,0.1956166345174406,0.22283124654231545,0.924768600856171,0.9825411768283328,-0.3019276715039557,0.6478923695302228,-0.19032909505447848,-0.13523219650711693,0.6485324525246831
mom10 100% + book 5x,trail 15%,0.0,0.3,0.21922429572582836,0.22778368859153306,0.9976085414995769,1.0342630647558058,-0.30920074518402707,0.7090031286805359,-0.17667630472969253,-0.13192552114047063,0.6934463107618132
mom10 100% + book 5x,trail 15%,0.3,0.3,0.22928023663524466,0.23111899420906815,1.0207640676502958,1.102399964998321,-0.2941260018744255,0.7795306609210764,-0.18478133807053043,-0.1541246566280694,0.6794789394522459
mom10 100% + book 5x,trail 15%,0.5,0.5,0.2557202630555204,0.2501748380498075,1.0459158115239349,1.2100012937834272,-0.29126265896241765,0.8779713265218685,-0.18648437759529135,-0.18585509222150398,0.6906443458695275
mom10 100% + book 5x,trail 15%,0.0,0.5,0.2404735179831341,0.23812359537916447,1.0372840974339705,1.1272629353361334,-0.3044758907247511,0.7897949404490757,-0.17298064804221946,-0.14995697447310163,0.7143787267039848
mom10 100% + book 5x,trail 15%,0.5,0.0,0.20131514065896017,0.2277968291523101,0.9293493232996932,0.9814163994063537,-0.28831921830870666,0.6982369813565801,-0.1957239491406837,-0.15477508974493892,0.6394257323359637
mom10 100% + book 5x,trail 15%,1.0,1.0,0.3109996167841469,0.3286751199987341,0.9941731913887546,1.191304871723627,-0.4967429177764038,0.6260776060508133,-0.2196473471422845,-0.33156015229120184,0.7169412711106599
mom10 100% + book 5x,trend 200d + trail 15%,0.3,0.0,0.19585215064191597,0.21922100011631426,0.9374915366170388,0.973834210980505,-0.3019276715039557,0.6486724110656747,-0.18222623411688044,-0.1249278712127152,0.6231530672840243
mom10 100% + book 5x,trend 200d + trail 15%,0.0,0.3,0.20699095845878746,0.22619493978622685,0.9580718813181968,0.9903070362995163,-0.33037587514879607,0.6265316992821041,-0.19239518078979456,-0.16323896342337685,0.6838106605760855
mom10 100% + book 5x,trend 200d + trail 15%,0.3,0.3,0.21728375758281415,0.2245624410289655,1.0000460962128097,1.0500321787421971,-0.3155894538153523,0.6885013265048595,-0.18222623411688021,-0.14177957022709142,0.644915016539969
mom10 100% + book 5x,trend 200d + trail 15%,0.5,0.5,0.2366780027683697,0.23478227124253567,1.0331648237242592,1.1485579955160845,-0.32252257845800547,0.7338339036601331,-0.18222623411688044,-0.16504491886100692,0.6335012229478189
mom10 100% + book 5x,trend 200d + trail 15%,0.0,0.5,0.22050661081432277,0.2334103621860885,0.9832713131496408,1.0601090806430433,-0.3392900972967139,0.6499058256377187,-0.19239518078979467,-0.18999673947040063,0.6983655547828473
mom10 100% + book 5x,trend 200d + trail 15%,0.5,0.0,0.20220274236094204,0.22026992585290614,0.9572401869155474,0.9936504487166475,-0.28831921830870677,0.7013155194685676,-0.18222623411688044,-0.1214624006622288,0.5970473743724307
mom10 100% + book 5x,trend 200d + trail 15%,1.0,1.0,0.27817028254895204,0.28394198562204925,1.0128987986655957,1.1905163771464553,-0.34296768553996093,0.8110684891814421,-0.19948473773444864,-0.2214909806559523,0.6050732047405243
mom10 100% + book 5x,trail 10%,0.3,0.0,0.19802304080114452,0.2227007532517499,0.9343447703340243,0.9868509502163649,-0.29305876373577044,0.6757110358238164,-0.19032909505447881,-0.13523219650711615,0.6390708143507519
mom10 100% + book 5x,trail 10%,0.0,0.3,0.21305722540205219,0.22927152511501442,0.9703383467875883,1.0099437544326524,-0.3033451060763448,0.7023591979375158,-0.18616409770003295,-0.1894650350275464,0.70375279998861
mom10 100% + book 5x,trail 10%,0.3,0.3,0.2256740183518149,0.2322050299796592,1.0043194391193306,1.0842261741799688,-0.2845111550428363,0.7931991921998178,-0.18478133807053065,-0.15412465662806907,0.6800250422135354
mom10 100% + book 5x,trail 10%,0.5,0.5,0.2497657491059866,0.2516021616145218,1.0222462705740405,1.1802248274549139,-0.29067574243265504,0.8592590046066653,-0.18648437759529124,-0.18585509222150487,0.6911898938234383
mom10 100% + book 5x,trail 10%,0.0,0.5,0.23009214714744308,0.24043601753990118,0.9943284204179786,1.0783748973108964,-0.3283113213220159,0.7008352505814535,-0.1819745849355333,-0.20738030123215245,0.7313872153166154
mom10 100% + book 5x,trail 10%,0.5,0.0,0.20530298233690014,0.22768736231925948,0.9444660056222853,0.9916708177860046,-0.2826807619340387,0.7262715047612825,-0.1957239491406837,-0.1547750897449396,0.6237822089641858
mom10 100% + book 5x,trail 10%,1.0,1.0,0.29950218591145217,0.3297006315414696,0.9647500805707641,1.1594114149173256,-0.4876075305835327,0.6142279746029149,-0.21964734714228484,-0.31942628067834145,0.7163222646763862
mom10 100% + book 5x,trend 200d + trail 10%,0.3,0.0,0.19796143822101242,0.21911475816385512,0.9460035344742568,0.9766937742097531,-0.29305876373577056,0.6755008302686338,-0.18222623411688033,-0.12793110808232122,0.6129437154508511
mom10 100% + book 5x,trend 200d + trail 10%,0.0,0.3,0.20500337494496312,0.22638703725570783,0.95005507628224,0.9878735510989302,-0.32470059232111226,0.6313612595514617,-0.19239518078979467,-0.1644158253967457,0.6814773257524568
mom10 100% + book 5x,trend 200d + trail 10%,0.3,0.3,0.2174973435041705,0.22448414904269937,1.0010999763071828,1.051894586786512,-0.28451115504283664,0.7644598099200138,-0.18222623411688044,-0.14177957022709087,0.6322343744370572
mom10 100% + book 5x,trend 200d + trail 10%,0.5,0.5,0.23710308706739647,0.23448145203036164,1.0356622107813582,1.1526262187947496,-0.2842881426129341,0.8340238354232685,-0.18222623411688044,-0.16504491886100703,0.6122599094980923
mom10 100% + book 5x,trend 200d + trail 10%,0.0,0.5,0.21719839873781988,0.23360253512167042,0.970843442324658,1.052483936096667,-0.329728745150192,0.6587184221347934,-0.19239518078979456,-0.1919491380097349,0.6944114388675244
mom10 100% + book 5x,trend 200d + trail 10%,0.5,0.0,0.2056818208413369,0.22022084649846094,0.9707275205743151,1.0016271070155707,-0.2826807619340388,0.7276116684917209,-0.18222623411688055,-0.12146240066222935,0.5801388537939414
mom10 100% + book 5x,trend 200d + trail 10%,1.0,1.0,0.2793668422357176,0.2827052145758235,1.0194625089489575,1.193150520757068,-0.3900740196182576,0.716189308144945,-0.19948473773444897,-0.2214909806559523,0.5620658885759207
mom10 60% + book 3x,trail 15%,0.3,0.3,0.16273601490774392,0.1497828969594133,1.0910336725703276,1.2515053909408083,-0.1766919586627086,0.9210153995654918,-0.11327988998089566,-0.10949599986779268,0.41008161168384694
mom10 60% + book 3x,trail 15%,0.5,0.5,0.1873818276602508,0.17868110705131268,1.05792995411829,1.2472197744187634,-0.26966557325492957,0.6948674441401852,-0.11986291977113672,-0.16353619111921724,0.42020012589283295
mom10 60% + book 3x,trail 15%,0.0,0.5,0.17436157564721544,0.1586805482976121,1.1032539343396868,1.2801708864676633,-0.19379017867344717,0.8997441296600971,-0.10096317378494513,-0.11156309546131193,0.44492954966152937
mom10 60% + book 3x,trail 15%,0.5,0.0,0.13547677836389171,0.14560044827001817,0.9527720358567826,1.0480826615557248,-0.2131139546199391,0.6357011140143162,-0.1247177054803289,-0.12847344191397703,0.3705879977128008
mom10 60% + book 3x,trend 200d + trail 15%,0.3,0.3,0.15118896185870523,0.14059864322067847,1.0814234673485856,1.1777961241328434,-0.20053414616949394,0.7539312618157231,-0.1106683574857088,-0.09621852866945935,0.37566131506852174
mom10 60% + book 3x,trend 200d + trail 15%,0.5,0.5,0.16902614866850163,0.15807710747676812,1.0746925379974708,1.2312281629600603,-0.2075663929487258,0.8143232932233658,-0.1106683574857088,-0.12054306463265274,0.36336522186959036
mom10 60% + book 3x,trend 200d + trail 15%,0.0,0.5,0.15517372481015435,0.15125784602861073,1.0399105824920232,1.1693949177054368,-0.2260923158687107,0.6863290519800859,-0.1184238680759736,-0.14251598117103492,0.4295698173921246
mom10 60% + book 3x,trend 200d + trail 15%,0.5,0.0,0.13627136116771732,0.1358811161058519,1.0163493731185584,1.0966438437638601,-0.17205542095905846,0.7920201549484677,-0.1106683574857088,-0.074964718159927,0.32777662260105295
