t,S,volvue30,Oct12(10d),Oct13(11d),Oct14(12d),Oct15(13d),Oct16(14d),Oct23(21d),Oct30(28d),Nov06(35d),Nov13(42d),Nov20(49d)
SPY,768.9,13.0,11.0,11.2,11.9,12.2,12.5,12.7,13.6,14.0,14.2,14.5
NVDA,235.0,29.4,21.1,,23.4,,25.1,26.1,27.1,27.9,28.2,33.1
TSLA,370.8,43.5,32.0,,34.4,,36.8,45.1,43.6,42.3,42.1,41.6
AAPL,332.6,25.6,21.5,,22.2,,23.9,23.5,27.1,26.8,26.1,26.3
MSFT,520.3,32.2,16.5,,20.3,,20.3,21.4,29.6,29.8,29.0,28.6
AMD,630.0,49.7,42.9,,46.7,,47.9,49.6,50.9,58.6,56.7,56.3
AMZN,250.8,38.4,25.6,,27.7,,28.2,28.7,40.0,39.6,38.2,37.6
GOOGL,343.1,35.1,23.6,,26.4,,27.9,30.0,36.2,35.5,34.7,34.6
META,725.7,42.6,32.7,,35.5,,35.8,35.7,44.3,43.9,41.4,41.6
AVGO,355.5,35.6,30.5,,29.6,,33.0,33.6,35.0,35.6,35.8,36.4
PLTR,189.3,46.0,,,,,37.7,38.7,40.4,54.7,52.0,52.8
JPM,330.6,25.3,,,,,29.0,26.9,26.0,25.6,25.0,25.6
WMT,104.0,22.4,,,,,23.7,22.9,23.1,24.8,25.4,30.1
XOM,162.9,29.5,,,,,32.5,31.8,32.1,33.8,30.1,30.2
CRM,233.6,36.4,,,,,41.2,38.2,39.3,39.8,40.9,41.6
AMAT,536.5,53.4,,,,,54.4,54.7,55.7,56.1,59.7,58.8
BRK-B,501.5,14.3,,,,,14.3,15.3,15.3,16.5,17.7,17.7
GEV,991.2,51.3,,,,,43.1,43.7,50.6,49.8,49.5,49.5
MU,1070.2,49.0,46.2,,45.9,,48.9,49.6,50.4,51.2,51.7,51.7
ORCL,142.6,52.8,,,,,44.1,45.4,50.1,50.5,50.4,50.2
