t,atm_put_iv,volvue_put30,p25_iv,p10_iv,r25,r10,hs25,hs10,mkt25_vs_flat
SPY,12.1,12.8,13.8,17.0,1.142,1.406,0.2,0.3,1.33
NVDA,28.3,29.2,29.8,34.1,1.053,1.205,0.9,1.6,1.12
TSLA,43.0,43.0,43.1,45.0,1.003,1.046,0.7,1.4,1.01
AAPL,24.8,25.8,26.1,28.3,1.054,1.142,3.3,7.3,1.11
MSFT,31.9,32.7,32.6,34.3,1.022,1.078,2.6,3.2,1.04
AMD,44.4,49.8,44.8,47.1,1.008,1.059,2.7,5.5,1.02
AMZN,37.8,38.7,38.3,40.5,1.014,1.072,1.9,3.2,1.03
GOOGL,33.7,34.9,33.9,35.7,1.006,1.059,2.1,5.2,1.01
META,42.6,42.4,42.8,43.9,1.004,1.031,2.0,2.7,1.01
AVGO,33.8,35.4,34.3,35.9,1.014,1.061,2.5,2.3,1.03
PLTR,40.8,45.8,42.2,45.7,1.034,1.121,2.6,3.4,1.07
JPM,26.5,25.4,27.7,29.4,1.044,1.11,8.7,30.1,1.1
WMT,21.9,25.3,22.4,25.8,1.021,1.177,3.9,31.0,1.05
XOM,30.7,29.4,29.4,31.5,0.956,1.027,3.8,11.8,0.91
CRM,36.5,41.4,36.6,37.6,1.005,1.03,10.6,17.3,1.01
AMAT,48.1,54.2,49.5,51.8,1.03,1.077,12.5,16.6,1.06
MU,44.9,49.3,44.5,46.0,0.99,1.024,2.5,3.3,0.98
ORCL,52.4,51.5,52.1,52.9,0.995,1.011,2.9,6.2,0.99
