t,K30,eng30,mkt30,ratio30,hs30,oi30,chainiv30,K10,eng10,mkt10,ratio10,hs10,oi10,chainiv10,K1,eng1,mkt1,ratio1,hs1,oi1,chainiv1,vert_ratio
SPY,786.0,5.29,4.44,0.839,0.3,803,11.9,808.0,1.31,0.68,0.52,1.5,4529,11.1,840.0,0.09,0.08,0.872,6.7,885.0,12.8,
NVDA,245.0,4.0,3.38,0.843,2.2,11233,26.7,260.0,1.11,0.83,0.745,3.6,6059,27.1,,,,,,,,0.882
TSLA,400.0,7.71,7.82,1.015,1.0,6923,43.8,435.0,2.18,2.46,1.133,1.4,744,44.9,,,,,,,,0.969
AAPL,345.0,4.92,4.93,1.0,4.6,2115,25.6,365.0,1.2,0.98,0.816,12.8,3347,24.3,,,,,,,,1.062
MSFT,550.0,8.18,7.3,0.892,8.2,2542,30.5,585.0,2.33,1.88,0.803,9.3,61,30.5,,,,,,,,0.926
AMD,685.0,15.53,16.1,1.037,2.8,201,50.6,760.0,3.95,4.72,1.196,5.8,166,52.1,,,,,,,,0.983
AMZN,270.0,4.19,4.42,1.056,2.8,3015,39.4,290.0,1.21,1.32,1.089,6.5,1918,39.3,,,,,,,,1.04
GOOGL,365.0,5.72,5.9,1.031,1.7,990,35.6,390.0,1.65,1.81,1.095,6.1,749,35.9,,,,,,,,1.005
META,780.0,15.22,16.15,1.061,1.9,289,43.9,850.0,4.06,4.8,1.183,3.1,793,44.5,,,,,,,,1.017
AVGO,375.0,6.97,6.75,0.968,2.2,1463,35.0,405.0,1.73,1.9,1.1,3.2,505,36.5,,,,,,,,0.926
PLTR,205.0,4.22,3.2,0.759,1.6,1698,40.2,225.0,1.12,0.77,0.69,3.9,745,42.0,,,,,,,,0.784
JPM,345.0,4.21,4.18,0.993,11.4,244,25.2,365.0,0.95,0.89,0.936,31.5,257,24.9,,,,,,,,1.009
WMT,108.0,1.18,1.16,0.99,6.4,389,22.3,113.0,0.31,0.34,1.11,13.0,233,23.0,,,,,,,,0.943
XOM,170.0,2.75,3.0,1.091,6.7,384,31.0,182.5,0.57,0.56,0.991,29.2,258,29.4,,,,,,,,1.119
CRM,250.0,3.8,4.2,1.104,9.5,233,38.2,270.0,0.91,1.12,1.228,8.5,145,38.3,,,,,,,,1.066
AMAT,590.0,13.47,13.1,0.972,19.8,21,52.6,655.0,3.73,4.9,1.313,62.2,5,57.5,,,,,,,,0.842
BRK-B,515.0,3.41,3.62,1.063,21.4,191,14.8,530.0,0.89,0.64,0.72,32.8,231,13.2,,,,,,,,1.183
GEV,1080.0,25.39,24.5,0.965,14.7,12,50.4,1200.0,6.66,6.4,0.961,48.4,58,50.8,,,,,,,,0.966
MU,1160.0,26.63,28.95,1.087,3.8,167,51.2,1290.0,6.45,8.95,1.388,7.3,69,53.5,,,,,,,,0.991
ORCL,155.0,3.96,3.85,0.971,2.6,735,52.0,175.0,0.88,1.12,1.264,5.8,2487,56.1,,,,,,,,0.886
