t,S,exp,dte,iv_atm,iv_30d,iv_10d,iv_1d,volvue,hs_atm,hs_30d,hs_10d,hs_1d,oi30,oi10,mkt30,flat30,mkt10,flat10,mkt01,flat01,r30,r10,rvert
SPY,768.6,2026-11-06,32,14.9,13.0,12.2,13.4,13.0,1.2,0.7,1.9,13.0,307,157,5.44,6.92,1.32,2.6,0.12,0.25,0.786,0.505,0.955
NVDA,235.0,2026-11-06,32,29.2,28.5,28.9,34.8,29.4,1.8,2.9,3.5,22.2,4862,2767,2.96,3.11,0.85,0.88,0.09,0.02,0.953,0.967,0.948
TSLA,370.8,2026-11-06,32,44.2,44.6,46.0,58.3,43.5,1.7,1.1,2.7,15.0,602,147,9.3,9.15,2.42,2.09,0.2,0.01,1.016,1.16,0.974
AAPL,332.6,2026-11-06,32,28.0,26.4,25.4,26.2,25.6,3.1,5.6,4.9,47.4,3162,164,4.45,4.98,1.03,1.49,0.1,0.16,0.893,0.689,0.98
MSFT,520.3,2026-11-06,32,31.2,31.6,31.5,34.4,32.2,6.1,4.2,44.9,88.9,1515,2,9.02,8.85,2.76,2.69,0.09,0.03,1.02,1.027,1.017
AMD,628.5,2026-11-06,32,62.4,60.9,62.4,66.2,49.7,2.8,2.2,8.0,16.1,179,44,19.58,20.56,5.32,5.31,0.87,0.56,0.952,1.002,0.935
AMZN,250.8,2026-11-06,32,41.4,40.5,40.5,42.4,38.4,1.5,2.3,8.1,60.0,2957,307,5.38,5.62,1.42,1.54,0.1,0.08,0.956,0.921,0.969
GOOGL,343.1,2026-11-06,32,37.1,36.4,37.2,49.9,35.1,2.2,7.1,4.6,94.1,149,434,7.05,7.32,1.62,1.61,0.17,0.01,0.963,1.006,0.951
META,725.7,2026-11-06,32,45.9,45.3,46.4,52.8,42.6,1.0,1.9,4.1,24.3,38,13,16.92,17.34,4.22,4.04,0.37,0.1,0.976,1.047,0.954
AVGO,355.5,2026-11-06,32,37.3,37.4,39.0,52.9,35.6,1.2,2.1,4.1,38.9,283,37,7.2,7.15,1.97,1.66,0.18,0.0,1.008,1.189,0.953
PLTR,189.3,2026-11-06,32,57.3,56.9,58.4,62.1,46.0,1.2,1.8,5.7,83.3,277,189,5.7,5.78,1.5,1.39,0.12,0.06,0.987,1.078,0.958
JPM,330.6,2026-11-06,32,26.8,25.7,24.9,27.6,25.3,5.1,6.5,23.9,87.3,628,164,4.97,5.34,1.17,1.53,0.4,0.33,0.932,0.766,0.999
WMT,104.0,2026-11-06,32,26.0,23.5,24.1,23.0,22.4,3.7,16.3,19.4,48.7,68,78,1.19,1.46,0.31,0.42,0.2,0.33,0.817,0.744,0.846
XOM,162.9,2026-11-06,32,35.3,31.8,35.1,47.6,29.5,17.8,12.3,98.3,98.3,520,1,2.8,3.4,0.6,0.62,0.59,0.1,0.824,0.969,0.791
CRM,233.6,2026-11-06,32,41.7,40.9,41.3,44.0,36.4,8.0,9.6,14.9,71.4,32,15,5.48,5.67,1.01,1.05,0.07,0.04,0.965,0.96,0.966
AMAT,536.5,2026-11-06,32,58.7,57.6,60.0,60.0,53.4,8.1,7.6,27.0,27.0,4,257,16.55,17.17,4.72,4.33,4.72,4.33,0.964,1.091,0.921
BRK-B,501.5,2026-11-06,32,17.3,14.6,15.9,22.8,14.3,13.9,21.2,72.7,99.1,7,51,4.12,5.53,1.1,1.49,1.17,0.29,0.746,0.737,0.749
GEV,991.2,2026-11-06,32,52.1,51.7,52.4,58.6,51.3,5.9,14.5,46.7,98.1,0,0,26.9,27.24,7.5,7.31,2.58,1.24,0.987,1.026,0.973
MU,1070.2,2026-11-06,32,53.5,54.5,58.2,69.5,49.0,3.8,4.2,19.4,21.5,48,17,31.32,30.24,8.12,5.72,1.04,0.09,1.036,1.421,0.946
ORCL,142.6,2026-11-06,32,52.9,54.8,58.6,65.5,52.8,1.7,3.6,9.2,19.5,257,268,4.15,3.87,1.2,0.79,0.41,0.1,1.073,1.513,0.959
