variant,scope,cagr,vol,sharpe,maxdd,calmar,worst_month,y2008,y2020
ATM calls,standalone,0.031607933095266105,0.16591473343467636,0.2720060663871159,-0.5192457818503422,0.06087277778671718,-0.12119400692615145,-0.28009665797146366,0.171003145797892
"ATM calls, 2x share count (delta-matched)",standalone,0.03594855503342287,0.3314572919599692,0.26704348174834525,-0.7860122273154997,0.04573536362939221,-0.23102848460276304,-0.5087950258183889,0.2729081642515758
ATM / 20d call spread,standalone,0.03904262148567739,0.10989918733353266,0.4059009176396675,-0.33537742626652867,0.11641398146650969,-0.08590107434878813,-0.2154348085140103,0.09699267004352796
"ATM / 20d call spread, 2x",standalone,0.06690460391433062,0.22020702918880564,0.4034349799312218,-0.571862878104035,0.11699413701436157,-0.16597629429486693,-0.3968563643273736,0.16492690852885583
"ATM calls, trend filter",standalone,0.02213277031170069,0.12475844920476173,0.2417508240021567,-0.422652855885322,0.05236630961676491,-0.10360274985217766,-0.07050826905731944,-0.013555344332002006
"ATM / 20d spread, trend filter",standalone,0.023722143113052763,0.07922868455322728,0.3402993114817227,-0.26923662735938414,0.08810890013633925,-0.07197010541255355,-0.04917489802591912,-0.027257422814880083
"stock, no stop",standalone,0.1478034507739241,0.31195152419337685,0.6059971877918487,-0.7528298617951125,0.19633048351919621,-0.2783180200811761,-0.6970293476182066,0.11697256076377083
"stock, trend + trail 15%",standalone,0.11137608413713052,0.22260259849406203,0.5974883845857074,-0.34942213132835753,0.3187436460127039,-0.2483993809658952,-0.18981523330919714,0.07512668901944086
"stock, no stop",w=0.3 L=3,0.10400685155025169,0.1096827395606792,0.9656625968692745,-0.3371342303689058,0.3085027926011643,-0.16129082510265724,-0.24745603746633937,0.16075091258507812
"stock, no stop",w=0.6 L=3,0.1514826221862362,0.19708561326851287,0.8238033680579537,-0.5450020492078851,0.27794872038812246,-0.23846262808490548,-0.46962003196028135,0.19778913358652717
"stock, no stop",w=0.6 L=4,0.16213200152445562,0.20326244546961858,0.8509666952493181,-0.5525839851565861,0.29340698586932834,-0.26130129507812117,-0.4697406434271829,0.2262154380018533
"stock, trend + trail 15%",w=0.3 L=3,0.08760115946959224,0.08371593425689737,1.0554654746808698,-0.16042400778043175,0.5460601607054333,-0.08381299065332692,-0.03154699226015978,0.1259749891794315
"stock, trend + trail 15%",w=0.6 L=3,0.12316027223999582,0.14309224106727833,0.8956597673228651,-0.22148462421957293,0.5560669173942231,-0.15379641707481428,-0.08948320168661417,0.15090585549473134
"stock, trend + trail 15%",w=0.6 L=4,0.13413695284865623,0.1496818098021904,0.9284911588103645,-0.2513424610611207,0.5336820220600818,-0.15441797079854103,-0.08770692511411593,0.1830077935960599
ATM calls,w=0.3 L=3,0.06078294342987145,0.07480083550762853,0.8297757561000901,-0.21914926945721525,0.27735864043908287,-0.10671659031402503,-0.0642227595457282,0.15404267797535276
ATM calls,w=0.6 L=3,0.07066659208221515,0.11685227743101777,0.6460291170994066,-0.3704269911581085,0.19077063434627714,-0.12985428909413388,-0.1523134044566401,0.2067185313737241
ATM calls,w=0.6 L=4,0.08097235378512102,0.12616679395327857,0.6838212687121411,-0.38144044393381316,0.2122804623181783,-0.15564432069577228,-0.15180511839811883,0.23794118689795463
"ATM calls, 2x share count (delta-matched)",w=0.3 L=3,0.07083378829134057,0.11685064925298641,0.6473771500856067,-0.3701905685266025,0.1913441192552974,-0.12984023857192262,-0.15215829508009648,0.20690245900353577
"ATM calls, 2x share count (delta-matched)",w=0.6 L=3,0.08289334202909293,0.21097876449213487,0.4834016617000067,-0.5954444468372705,0.13921255369730054,-0.1768071699237922,-0.3143850451668624,0.29306600345359657
"ATM calls, 2x share count (delta-matched)",w=0.6 L=4,0.09304444889042895,0.21710858204472588,0.5190363672524103,-0.6029351284190376,0.15431917051242602,-0.2013837109214881,-0.31460240242960924,0.32406068258182574
ATM / 20d call spread,w=0.3 L=3,0.06141725588740132,0.06413848377929607,0.9644857140689345,-0.15192984134639675,0.4042474825427567,-0.10196758278414297,-0.042874428386420194,0.12721210149300766
ATM / 20d call spread,w=0.6 L=3,0.07349087871795024,0.0889616237017767,0.8452071180471462,-0.24028741385715102,0.30584572674139304,-0.12017786641082318,-0.11039918985091335,0.1564903883891724
ATM / 20d call spread,w=0.6 L=4,0.08389457315412163,0.1007196907614265,0.8541487251297084,-0.2557255643265859,0.32806486662780526,-0.14618150217857562,-0.10960873789383774,0.18735539535508128
"ATM / 20d call spread, 2x",w=0.3 L=3,0.07382586147461412,0.08895852064285556,0.8487533755732699,-0.2398939435013926,0.3077437487461436,-0.12014994177781457,-0.11007513103111344,0.15684385128342848
"ATM / 20d call spread, 2x",w=0.6 L=3,0.0949179138744316,0.14841531366051747,0.6877829958437726,-0.3983650763591342,0.23826866235849745,-0.15670877321125443,-0.23539398544813206,0.20731812462485233
"ATM / 20d call spread, 2x",w=0.6 L=4,0.10530020916632155,0.15679194600778923,0.7198827597258561,-0.41094860332390637,0.2562369316128926,-0.18172826620185134,-0.23517734283026293,0.23780586636456813
"ATM calls, trend filter",w=0.3 L=3,0.05689669778779227,0.06269744930017569,0.9183012270349263,-0.1356976487689252,0.41929022576271513,-0.08381299065332681,0.0060641225789244135,0.09300175439989955
"ATM calls, trend filter",w=0.6 L=3,0.0640080008686763,0.09049231675555389,0.7359399632197858,-0.17634497562162788,0.36297036897730606,-0.08381299065332704,-0.015443042570407406,0.08857328071619608
"ATM calls, trend filter",w=0.6 L=4,0.07450525144819209,0.10052091788071274,0.7704979821819221,-0.20445379735289282,0.36441118928984234,-0.11080502679889515,-0.013857807689958368,0.11928539830102003
"ATM / 20d spread, trend filter",w=0.3 L=3,0.05634738759929614,0.055900361038184736,1.0120661877234713,-0.12052845132683865,0.4675027927347889,-0.08381299065332692,0.012679294864240243,0.0868655415062789
"ATM / 20d spread, trend filter",w=0.6 L=3,0.0638270303394235,0.07002244845882413,0.9234113964713101,-0.14249669138199472,0.447919384796947,-0.08381299065332681,-0.0023174226305762158,0.07782535110542321
"ATM / 20d spread, trend filter",w=0.6 L=4,0.07433446076950512,0.08273928580069637,0.9129322256731819,-0.17556763034076783,0.4233950223354141,-0.11080502679889526,-0.0007588707570269637,0.10831785361227952
