variant,scope,events,cagr,vol,sharpe,maxdd,calmar,worst_month,y2008,y2020
no stop,standalone,0.0,0.1478034507739241,0.31195152419337685,0.6059971877918487,-0.7528298617951125,0.19633048351919621,-0.2783180200811761,-0.6970293476182066,0.11697256076377083
"trail 10%, no re-entry",standalone,0.0,0.11436192272689993,0.24639378456453254,0.5737497267996877,-0.5747184703651251,0.19898772812059531,-0.25789826874199295,-0.47252377582636995,0.3337402168785977
"trail 10%, re-enter above_exit",standalone,4.189873417721519,0.11192130268119427,0.28312478466023816,0.5276384142973698,-0.6880679312333515,0.16266025140944587,-0.2984931117170947,-0.6032694205115229,0.29507480426460253
"trail 10%, re-enter low+0.05",standalone,3.789029535864979,0.10684108513880308,0.28069098255219976,0.5133230788505204,-0.7321198244446521,0.1459338779957873,-0.3222084119256079,-0.6588855573482266,0.23812905317730104
"trail 10%, re-enter low+0.10",standalone,3.1223628691983123,0.09224039811364282,0.2708742395510482,0.4709697485850174,-0.7216680932690371,0.1278155414850185,-0.2764355804411266,-0.6140855614222053,0.2853947514739881
"trail 10%, re-enter new_high",standalone,2.5063291139240507,0.10701265778728186,0.2572882476270258,0.5340068365787528,-0.6101962912435136,0.17537415307654808,-0.25789826874199295,-0.5102092884206519,0.3733108109483234
"trail 15%, no re-entry",standalone,0.0,0.125703822725588,0.26993337875310236,0.5855909366948306,-0.6197456313102736,0.20283131719674002,-0.29724347725952593,-0.5243212835676665,0.3045592952969738
"trail 15%, re-enter above_exit",standalone,1.7932489451476794,0.13451363427273733,0.289543611689068,0.5899764868347926,-0.6591588428135708,0.20406861826896808,-0.25063434879161706,-0.588447547883686,0.24371822474181615
"trail 15%, re-enter low+0.05",standalone,1.7426160337552743,0.11935103923372048,0.2953040153701071,0.5409852309412235,-0.7124475263366072,0.16752256807939447,-0.33021367983045025,-0.630666034764908,0.25921873717656796
"trail 15%, re-enter low+0.10",standalone,1.4936708860759493,0.11855403473182657,0.28755749460656727,0.5436533729979833,-0.6977853196197872,0.16990044272703372,-0.29379115873862116,-0.6031261055674078,0.262841473837782
"trail 15%, re-enter new_high",standalone,1.1223628691983123,0.12502296984800898,0.2814474045718295,0.569980437509626,-0.6392393356149322,0.19558084567455478,-0.2972434772595256,-0.5487069080487298,0.3291342874256471
"trail 20%, no re-entry",standalone,0.0,0.1419847255112181,0.30011608581695565,0.6022299402924439,-0.6863743637163522,0.20686192989849783,-0.3539213632620605,-0.6138668806600256,0.32313078826541486
"trail 20%, re-enter above_exit",standalone,0.9367088607594937,0.14463313654701837,0.3088426399275353,0.6004930927039744,-0.7090541090880134,0.20398039401117887,-0.30207712846460677,-0.641836720447107,0.3250357709998799
"trail 20%, re-enter low+0.05",standalone,0.9113924050632911,0.13415747352512652,0.3106304767234819,0.569787180112006,-0.7439507565371888,0.1803311205026246,-0.30157622429274633,-0.6847544280674902,0.2932556007480427
"trail 20%, re-enter low+0.10",standalone,0.7763713080168776,0.1405703668845244,0.3067115806437843,0.5916325796161773,-0.7194023244535883,0.1953988221977078,-0.35125717987600147,-0.6545306148369505,0.31899952540148835
"trail 20%, re-enter new_high",standalone,0.5864978902953587,0.1385862521586254,0.3006350826796869,0.5918864987951293,-0.6981204612456092,0.19851337964132337,-0.3539213632620606,-0.6283285724170784,0.32847562259606256
"trend + trail 15%, re-enter None",standalone,0.0,0.11137608413713052,0.22260259849406203,0.5974883845857074,-0.34942213132835753,0.3187436460127039,-0.2483993809658952,-0.18981523330919714,0.07512668901944086
"trend + trail 15%, re-enter above_exit",standalone,1.5380434782608696,0.10715805459725036,0.23256747095031946,0.5668708441964073,-0.3862922323800426,0.27740152561966597,-0.2506343487916173,-0.2249589589824813,-0.015726612599648915
"trend + trail 15%, re-enter low+0.05",standalone,1.4728260869565217,0.10187125426870836,0.23653291912629315,0.542981892205459,-0.42120403067221346,0.24185726358346726,-0.33021367983045025,-0.18981523330919758,-0.020011563540575983
"trend + trail 15%, re-enter new_high",standalone,0.9565217391304348,0.10581491188256864,0.22651573625190374,0.5693496155527575,-0.35394733375486254,0.29895665764741747,-0.25615681544056457,-0.18981523330919736,0.07504240516347416
no stop,w=0.3 L=3,,0.10400685155025169,0.1096827395606792,0.9656625968692745,-0.3371342303689058,0.3085027926011643,-0.16129082510265724,-0.24745603746633937,0.16075091258507812
no stop,w=0.6 L=3,,0.1514826221862362,0.19708561326851287,0.8238033680579537,-0.5450020492078851,0.27794872038812246,-0.23846262808490548,-0.46962003196028135,0.19778913358652717
"trail 15%, no re-entry",w=0.3 L=3,,0.094535000115195,0.09752385187869657,0.9844958180676859,-0.27513886425767065,0.3435901371849159,-0.10915094047957541,-0.16111302705924535,0.1964262040219329
"trail 15%, no re-entry",w=0.6 L=3,,0.1346966759066961,0.17245223545722105,0.8302860094163953,-0.44887546924425437,0.3000758231085274,-0.1887008321192455,-0.32740223300436033,0.2921709562459829
"trail 15%, re-enter above_exit",w=0.3 L=3,,0.09791482380861583,0.10274264965185792,0.9694573068942468,-0.2944520756037128,0.3325322927605853,-0.1227911053237184,-0.19127813768394153,0.18312507547743495
"trail 15%, re-enter above_exit",w=0.6 L=3,,0.14082049130736984,0.18364354831951782,0.8191000199795799,-0.4806334623513462,0.2929893616196642,-0.16317872741804906,-0.3783768878079643,0.2593885531538469
"trail 15%, re-enter low+0.05",w=0.3 L=3,,0.09442576682151826,0.10514225597713164,0.9195752156305427,-0.31973907372204646,0.2953213247361937,-0.14437583179035496,-0.2084978167971917,0.18785985379871906
"trail 15%, re-enter low+0.05",w=0.6 L=3,,0.1328730464502601,0.18790048610350576,0.768316820701702,-0.5237185426146901,0.25371079241702044,-0.2071283326675113,-0.40979992936474696,0.26907233647953666
"trail 15%, re-enter low+0.10",w=0.3 L=3,,0.09328654497406674,0.10305384741810625,0.9257553773848335,-0.30897715782644875,0.30192052263768127,-0.12500712905053546,-0.19849627853661556,0.18826235050761575
"trail 15%, re-enter low+0.10",w=0.6 L=3,,0.13126708033931522,0.18348893434073196,0.7739393606666165,-0.5070897003504562,0.25886362954837155,-0.18638755563356235,-0.3904007160562024,0.27064070481131575
"trail 15%, re-enter new_high",w=0.3 L=3,,0.09465086623281471,0.10144612093110367,0.951220074113712,-0.28489654786343777,0.3322288983234175,-0.12103158742451814,-0.1724056640338747,0.20400547070768882
"trail 15%, re-enter new_high",w=0.6 L=3,,0.13459214413009501,0.18007897223271574,0.8017073170141771,-0.46465039736391156,0.28966324981894553,-0.1887008321192455,-0.3466541095507528,0.3073956584180695
"trend + trail 15%, re-enter None",w=0.3 L=3,,0.08760115946959224,0.08371593425689737,1.0554654746808698,-0.16042400778043175,0.5460601607054333,-0.08381299065332692,-0.03154699226015978,0.1259749891794315
"trend + trail 15%, re-enter None",w=0.6 L=3,,0.12316027223999582,0.14309224106727833,0.8956597673228651,-0.22148462421957293,0.5560669173942231,-0.15379641707481428,-0.08948320168661417,0.15090585549473134
"trend + trail 15%, re-enter above_exit",w=0.3 L=3,,0.08683243214817926,0.08579356222886812,1.023741038234175,-0.17448891817117718,0.4976386641528425,-0.08381299065332692,-0.04294942833123616,0.09865986471757004
"trend + trail 15%, re-enter above_exit",w=0.6 L=3,,0.12115972797892494,0.14834803693529758,0.857399679010622,-0.24834381583210896,0.48787092834570156,-0.15520944784465396,-0.11167209347968932,0.09384604100282767
"trend + trail 15%, re-enter low+0.05",w=0.3 L=3,,0.08550722599061222,0.08687091027284176,0.9981098100971754,-0.17893117390783153,0.4778777455216243,-0.09165548851163041,-0.03154699226016022,0.09762216729351181
"trend + trail 15%, re-enter low+0.05",w=0.6 L=3,,0.11829092585518741,0.1507682442101688,0.8295181928433011,-0.2715263245238275,0.43565177727291376,-0.19240160765252923,-0.08948320168661372,0.09142439612395825
"trend + trail 15%, re-enter new_high",w=0.3 L=3,,0.08612020708884116,0.0847089647064756,1.0279336951419884,-0.16219747496693293,0.5309589875329342,-0.08381299065332692,-0.03154699226015978,0.12594600562095737
"trend + trail 15%, re-enter new_high",w=0.6 L=3,,0.11998032676306658,0.14538121742838842,0.8643241602080803,-0.22477705540187465,0.5337747954236522,-0.1537964170748144,-0.08948320168661417,0.15084892997616195
