leg,w,L,cagr,vol,sharpe,sortino,maxdd,calmar,worst_month,beta,y2008,y2020,y2022,pm_peak
ES,0.3,0,0.04720358206464459,0.04537153916403269,1.0489697125027457,0.9660136067872931,-0.18294113371092136,0.2580260715954369,-0.044530038126963434,0.29325075979536125,-0.10316742892038211,0.07694143198488135,-0.04288843092806338,0.018
ES,0.3,3,0.07967732411324868,0.06843004098442977,1.164207336982691,1.1094178537618546,-0.2031360897474619,0.3922361812334936,-0.09825973545423106,0.30682068375739535,-0.0945382263378931,0.1682247925170468,-0.0045913759338750415,0.41049093393457536
ES,0.3,4,0.0902626052368587,0.08138287401225748,1.111801202729717,1.058572761091689,-0.22014538574557418,0.4100136140994422,-0.1242844023572216,0.3113017527055273,-0.0927331888096643,0.19921345941204538,0.008060630295922744,0.5413212452461005
ES,0.3,10,0.15086163492316995,0.17170766248849217,0.9123808649581094,0.9243600661496912,-0.3776051028269388,0.3995222357795089,-0.27052487336076114,0.33764015058104996,-0.09433127638173888,0.39060757328904283,0.0823484839886397,1.3263031131152514
ES,0.45,0,0.0617276332729797,0.06814770130595106,0.923831544159214,0.839179389241355,-0.2761830087995788,0.22350264609425835,-0.06860115198405747,0.44189956115260287,-0.1626704535495498,0.10850346614122941,-0.07285482798907461,0.027
ES,0.45,3,0.0944436799231898,0.0857384303723679,1.106997312356451,1.0405971130157479,-0.2813085562080945,0.33572985193285865,-0.10663718473953265,0.4555045902786963,-0.15409105387252553,0.19907960497805255,-0.035563171318628184,0.41949093393457537
ES,0.45,4,0.10510763975729986,0.09650219194022809,1.0951900873041123,1.0272945650366334,-0.29029435248116353,0.36207263027660874,-0.13217876941620954,0.4600075368826994,-0.15221181064047984,0.22978056552135584,-0.023237558458332863,0.5503212452461005
ES,0.45,10,0.16615522263030535,0.17955008267078854,0.9559686071717267,0.9641616838627258,-0.39913749979188673,0.4162856727742693,-0.27569887335751875,0.4865739542310724,-0.15229767000728633,0.4188692239841558,0.04920024271338752,1.3353031131152513
ES,0.6,0,0.07556479048323328,0.09118167506271772,0.8560464808820941,0.7707892729667506,-0.3613261769374768,0.20913179090345527,-0.09361855471343616,0.5920123193408566,-0.2207772457961643,0.13588616782544194,-0.10274533981436951,0.036
ES,0.6,3,0.10849691325920507,0.10536484491332163,1.0429282214852493,0.9549307383644525,-0.3557253073377077,0.30500195240875444,-0.11576700907688287,0.6056891858950455,-0.2123615716031919,0.22528981016812444,-0.06646407342908045,0.4284909339345753
ES,0.6,4,0.11923052709151483,0.11438541707600072,1.0545364121621694,0.9870202432690605,-0.3624392243148744,0.32896695250603325,-0.14082601292105312,0.6102269691306758,-0.21045203056260464,0.25554217526161493,-0.054466897666799574,0.5593212452461005
ES,0.6,10,0.1806695613981859,0.18993366296647468,0.9811015409948228,0.9705311102827426,-0.4447302651740537,0.40624525818470536,-0.28162674441159363,0.6371068874072185,-0.20935862146783868,0.4412980314929005,0.01610419997151724,1.3443031131152514
mom 12-1 top 5,0.3,0,0.07151775372775782,0.09263353654632717,0.7991045961197342,0.8265062791622706,-0.29743157989124547,0.24045111065176053,-0.08366642438219662,0.3868564274320864,-0.2519435209737504,0.07200889566949642,0.03594304029954554,0.075
mom 12-1 top 5,0.3,3,0.10400685155025169,0.1096827395606792,0.9656625968692745,0.9524688960114959,-0.3371342303689058,0.3085027926011643,-0.16129082510265724,0.39934390144937176,-0.24745603746633937,0.16075091258507812,0.07505888841167918,0.46749093393457536
mom 12-1 top 5,0.3,4,0.11457996811311211,0.11927703468099769,0.978133283026699,0.9707913717682537,-0.35796537167464004,0.3200867379352423,-0.18618703350766685,0.4034741293802198,-0.24694118818353283,0.1908692136339596,0.08792894282856256,0.5983212452461004
mom 12-1 top 5,0.3,10,0.17489455202042348,0.19610057017420635,0.930352236009869,0.9036548015453774,-0.47629246037156403,0.36719991721889783,-0.3259292344690593,0.42779659359030814,-0.25518349490871495,0.3768017960983392,0.1629010936885742,1.3833031131152513
mom 12-1 top 5,0.45,0,0.09620834901231201,0.13899761910363878,0.7380562824126091,0.7710820187619718,-0.41999016307542925,0.22907286282091616,-0.12548569451584357,0.5834988134500435,-0.3679738795269538,0.09644779076189369,0.042270956796838455,0.1125
mom 12-1 top 5,0.45,3,0.12888288035265272,0.15242030431904555,0.8809286796599874,0.8613847328530232,-0.4440418255506602,0.2902494155653556,-0.1999144778898302,0.5955225192873651,-0.3649492006461533,0.18309911711821591,0.08067672151904959,0.5049909339345754
mom 12-1 top 5,0.45,4,0.13950678501811486,0.15990385557601486,0.90650494875898,0.8886248071500223,-0.46132047866247505,0.3024075268078115,-0.2237771955144795,0.5995141332624111,-0.36479132873300457,0.21245826607352258,0.09329239164417569,0.6358212452461005
mom 12-1 top 5,0.45,10,0.19999458331082498,0.22476420967536961,0.9356457694201785,0.9110384734947441,-0.5623009294403214,0.35567179927994585,-0.3576281172037279,0.623152993840555,-0.37363177228973843,0.39315307113179543,0.16654717638307392,1.4208031131152514
mom 12-1 top 5,0.6,0,0.1186973510878453,0.18571374334039079,0.704811417843426,0.7338008410171338,-0.5257128284079341,0.22578363067020393,-0.16719954944951554,0.7826544649119932,-0.4714482319265063,0.11373638021678545,0.04653410378779266,0.15
mom 12-1 top 5,0.6,3,0.1514826221862362,0.19708561326851287,0.8238033680579537,0.8119734123976856,-0.5450020492078851,0.27794872038812246,-0.23846262808490548,0.7942748936875877,-0.46962003196028135,0.19778913358652717,0.08415260294033189,0.5424909339345754
mom 12-1 top 5,0.6,4,0.16213200152445562,0.20326244546961858,0.8509666952493181,0.8312479275686542,-0.5525839851565861,0.29340698586932834,-0.26130129507812117,0.7981495070658026,-0.4697406434271829,0.2262154380018533,0.09648854323087908,0.6733212452461005
mom 12-1 top 5,0.6,10,0.22263724907741755,0.2587939702597578,0.9191664137782717,0.9164038085726663,-0.6373808350888506,0.34930019357482256,-0.38931254488214806,0.8212484217939716,-0.47883364864475264,0.40058449123348483,0.1678788426861808,1.4583031131152513
mom 12-1 top 10,0.3,0,0.06362224400997785,0.0799967011382985,0.8173457421305936,0.825509926198428,-0.263587113615006,0.24137084373139797,-0.07402439580151587,0.37073408826901905,-0.1713014569419007,0.07912119186887501,0.03753244224882124,0.075
mom 12-1 top 10,0.3,3,0.09617583082411518,0.09541051727254116,1.018301837859959,1.001814653359252,-0.28938072417747407,0.33235050847799935,-0.13564408614217027,0.38356602315530036,-0.16459669749046946,0.16901397507234472,0.07703837615159692,0.46749093393457536
mom 12-1 top 10,0.3,4,0.10677895449558661,0.1051453544795188,1.0259184341531498,0.9984924735081905,-0.3077157403333468,0.3470051755555746,-0.16105235027991627,0.38781409820604557,-0.16338824010344521,0.19952199816163363,0.09004527686663555,0.5983212452461004
mom 12-1 top 10,0.3,10,0.1673786290166579,0.18395091832053623,0.9428316759139556,0.9362079424628924,-0.43301196852624646,0.3865450407440931,-0.30369978910376993,0.41288205608039613,-0.16801232107818265,0.3878475229586045,0.16591077458847536,1.3833031131152513
mom 12-1 top 10,0.45,0,0.08481353925774271,0.11993191881688074,0.7457563669842208,0.7460797691281829,-0.3758345421430438,0.22566722785544926,-0.11250835569463324,0.5591722896306043,-0.2605575339063939,0.10738796181679722,0.045115244376987995,0.1125
mom 12-1 top 10,0.45,3,0.1176076171451299,0.13106259214509036,0.9227592490885242,0.9042641400550115,-0.39752570480382454,0.2958490878046949,-0.16236572501992041,0.5716896717413538,-0.25466165217721615,0.1956355430921588,0.0841256059253066,0.5049909339345754
mom 12-1 top 10,0.45,4,0.1282843650547938,0.13837401259477594,0.9507763856842665,0.9383267445624375,-0.40522190253838264,0.31657806315798215,-0.1869831021921159,0.5758508107594938,-0.2536106060093407,0.225533001521099,0.09695293478916933,0.6358212452461005
mom 12-1 top 10,0.45,10,0.1892493548315628,0.2047251521666057,0.9602511452374883,0.921451235917862,-0.5043327329338779,0.375247019424327,-0.3251170540561191,0.6005689679427367,-0.25785269321300375,0.40950686079060494,0.17158477668337735,1.4208031131152514
mom 12-1 top 10,0.6,0,0.10416784092844811,0.16017449998721167,0.706148566343505,0.7052284685459526,-0.47412079169309407,0.21970738839877246,-0.1509161755028121,0.7499088392686786,-0.34511620302259194,0.12829567833272937,0.050929787082140576,0.15
mom 12-1 top 10,0.6,3,0.13714442185846631,0.16887018891959746,0.8546500837818987,0.840051714099201,-0.4924816984807351,0.2784761794835126,-0.18961910737143317,0.7621567942239225,-0.34001575516193805,0.2142711541957465,0.0893784679988825,0.5424909339345754
mom 12-1 top 10,0.6,4,0.1478751652909298,0.17463831744977112,0.8867199939384277,0.8641502386373575,-0.4989910663545529,0.29634832216787355,-0.213446293154271,0.7662477617924391,-0.3391249462459073,0.24334234321001835,0.10200447764253417,0.6733212452461005
mom 12-1 top 10,0.6,10,0.20908512648546207,0.2306971607507248,0.9507010343704735,0.9143437788345101,-0.5692311068602387,0.36731149082616454,-0.3470695840213742,0.7907335419852356,-0.34309054623556345,0.4215988872941274,0.17527599016476048,1.4583031131152513
"mom 12-1 top 5, top-100 mcap",0.3,0,0.05346508518212034,0.07987712016793579,0.7014807994618686,0.7813980848108435,-0.23191489258771492,0.23053752428554697,-0.07945245964000547,0.3335732610294526,-0.11710363167921911,0.03101996212135716,0.024182921956710457,0.075
"mom 12-1 top 5, top-100 mcap",0.3,3,0.08599856512318604,0.09330510738820519,0.9413347477524926,1.0383352833888662,-0.25865793310178664,0.3324799053789084,-0.10343512208627414,0.3468605432494623,-0.10900256189655155,0.118916931499784,0.06425505207600968,0.46749093393457536
"mom 12-1 top 5, top-100 mcap",0.3,4,0.09660114996761493,0.10269769047818328,0.9596566048562359,1.0360256008154853,-0.27201653708128704,0.3551296954374046,-0.1294140471722779,0.35125593796638593,-0.10737906807819453,0.14877091654020713,0.0774678428704123,0.5983212452461004
"mom 12-1 top 5, top-100 mcap",0.3,10,0.1572702712732592,0.181125617433342,0.9064421118122337,1.0004509609140568,-0.39964828311439704,0.3935216987489009,-0.27547695535349026,0.37715585055941075,-0.11013364249723767,0.3333113673691004,0.15474970390824283,1.3833031131152513
"mom 12-1 top 5, top-100 mcap",0.45,0,0.06947101705613257,0.11966534396229364,0.6306783946923261,0.7003075993286504,-0.333512248179604,0.20830124661185107,-0.12148134284485201,0.5030829783490101,-0.1842559085607589,0.037205760911222185,0.02597444038911112,0.1125
"mom 12-1 top 5, top-100 mcap",0.45,3,0.10224481997772883,0.12869834425893695,0.8314791590751852,0.913944827127331,-0.35528293559352486,0.2877842129032224,-0.11346136117317795,0.5162433537000007,-0.17637638829447344,0.12276827190641315,0.06588786295702986,0.5049909339345754
"mom 12-1 top 5, top-100 mcap",0.45,4,0.11292450963068323,0.1355404878146476,0.8679871393118509,0.9561096554882399,-0.3632817938262263,0.3108454966633974,-0.1389473541811338,0.5206114734418086,-0.17473480279685716,0.1517920770863972,0.07904191202081345,0.6358212452461005
"mom 12-1 top 5, top-100 mcap",0.45,10,0.17402068080265387,0.20094046407616628,0.9095453790579332,0.9918231175969372,-0.4574080529212077,0.3804495344830109,-0.2822722494677965,0.5464865082751289,-0.17630360484726249,0.3307815489439425,0.15590454724711034,1.4208031131152514
"mom 12-1 top 5, top-100 mcap",0.6,0,0.0836450877545214,0.1597602719162982,0.5919499278864,0.6642226535404817,-0.42399761478215514,0.19727726015038372,-0.1639955856271218,0.6745828685174917,-0.25006720202181576,0.038095065438033426,0.026599091213698856,0.15
"mom 12-1 top 5, top-100 mcap",0.6,3,0.11661124864210515,0.1663535406698146,0.7564721989470877,0.8327993756026482,-0.4424417336165244,0.2635629502870882,-0.15305535530175562,0.6876353717375798,-0.2424736103138786,0.12094854342426586,0.06632040966207131,0.5424909339345754
"mom 12-1 top 5, top-100 mcap",0.6,4,0.12735204265814337,0.17159725562111441,0.7948309128890969,0.8658206308376283,-0.4490276131885367,0.2836173966091281,-0.14939615135709916,0.6919837908803853,-0.24083950476089944,0.14901394480818597,0.07940479978242587,0.6733212452461005
"mom 12-1 top 5, top-100 mcap",0.6,10,0.18877958229302116,0.226248410131232,0.8883359046027236,0.9610160165062694,-0.5113247784769177,0.36919701575061276,-0.28926033555662334,0.7178909235091916,-0.2414248869130743,0.3216479621634116,0.15578529431039545,1.4583031131152513
