,GFC_2008,Aug2011,Feb2018_volmageddon,Q4_2018,Covid_2020,Bear_2022,Apr2025_tariffs
1x_PUT_shortATMput_real_unhedged,-0.236354941069166,-0.10256292905240105,-0.022917467394871438,-0.10337427667096155,-0.19978903667048897,-0.07009641362920083,-0.016131529307693904
1x_PUT_shortATMput_real_hedgedW,-0.029296201971935498,0.0015101018554941614,-0.010867219477356804,-0.03904697996274087,-0.012397269390473142,0.02758642649551124,0.0037411519130545745
1x_ATM/5pctOTM_putspread_real(PUT+PPUT)_unhedged,-0.06968826182246324,-0.050644807224323185,-0.02384700436113074,-0.07660886215093787,-0.03822969574989177,-0.08932799037281602,-0.021270232243749354
1x_ATM/5pctOTM_putspread_real_hedgedW,0.0144153734606709,-0.01597964236586713,0.020770847127519643,-0.040163170286735106,-0.037494108381745495,0.004936168942409669,0.020957688221922233
"1x_25d/5pctOTM_putspread_real(RXM,BXMD,PPUT)_unhedged",0.018143978962094964,-0.01900575336813215,-0.002959054046823173,-0.028861093873574162,-0.03885964536131181,0.007994594234526753,-0.01161160891366475
1x_25d/5pctOTM_putspread_real_hedgedW,0.03647707685102741,-0.011714147232711358,0.013591039654537118,-0.0144552033727684,-0.03788246047460542,0.007260765107104161,0.0028361470406490508
1x_short25dput_real(RXM+BXMD)_hedgedW,-0.007849712252499641,0.006474803278791352,-0.01806654991988821,-0.013151933754624867,-0.010820890815781414,0.030100739006043042,-0.014094437435067553
1x_CNDR_20/5_ironcondor_real,-0.03340319681862802,-0.04793201759634613,0.020312147527585367,-0.07195279685322198,-0.0751143915172815,-0.00860430807708612,-0.013229097067882667
1x_RXM_riskreversal_real(short25dput+long25dcall),-0.21127288484155593,-0.10345698593319297,-0.022244307193238222,-0.06604299513150269,-0.1920579839416907,0.012085663746110642,0.004749888466759833
"1x_shortATMcall_long30dcall_real(BXM,-BXMD)_hedgedW",0.017263129457550486,-0.006227560265658294,-0.005643484782070107,0.0006954868292421423,-0.014036598203661765,-0.02490825028790422,-0.01428161515877635
1x_shortATMcall_long30dcall_real_unhedged,0.03033787754319084,-0.0038629811358918964,0.012312574220371575,0.01967877753579117,-0.011708221817856246,0.062246317594821354,0.0044994671517886164
"1x_MODEL_25d/5d_putspread_skew(1.16,1.73)_unhedged",-0.12352198957973293,-0.046842748475938056,-0.008415667354035872,-0.0455119105836197,-0.02087995715312485,-0.06041358327755808,-0.025735066481866187
"1x_MODEL_25d/5d_putspread_skew(1.16,1.73)_hedgedW",-0.03678158904976225,-0.01663306986481672,0.004577680439211473,-0.010248951766512304,-0.011896618622725397,-0.04977649926060812,-0.014830254604498494
1x_MODEL_25d/5d_putspread_flatIV_unhedged(upper bound),-0.058176100190246105,-0.03844523248898113,-0.006547269785711629,-0.03387822530612972,-0.008227523963278083,-0.006523135788273682,-0.01941345997964572
3x_PUT_shortATMput_real_unhedged,-0.7029834643364778,-0.324701868611617,-0.07055539380650544,-0.312170792571017,-0.7018342143463918,-0.25564081685625395,-0.060376905019291716
3x_PUT_shortATMput_real_hedgedW,-0.1386724884013708,-0.005115208727558218,-0.035223642547186906,-0.12840180606577722,-0.06714126353033045,0.03608319067943566,0.001500217358617828
3x_ATM/5pctOTM_putspread_real(PUT+PPUT)_unhedged,-0.24076252524195252,-0.15247796639707378,-0.07329311716982101,-0.23045738788106984,-0.12078180904174585,-0.28200596882987217,-0.07311781046294319
3x_ATM/5pctOTM_putspread_real_hedgedW,-0.0005345870313887557,-0.050911797204835296,0.05994385254919132,-0.12906112983050955,-0.11817937652929589,-0.024256460395296164,0.05673849524402774
"3x_25d/5pctOTM_putspread_real(RXM,BXMD,PPUT)_unhedged",0.008617409616150207,-0.056744982549954526,-0.011285086438394876,-0.09639053672616138,-0.11645817772733613,-0.010054470159382656,-0.041465130516806004
3x_25d/5pctOTM_putspread_real_hedgedW,0.0698579445046188,-0.035214180902590875,0.03835568491942176,-0.05337721871369461,-0.11335710042311153,-0.01173728122733897,0.0016762347931613686
3x_short25dput_real(RXM+BXMD)_hedgedW,-0.07468244070948404,0.016872683103785535,-0.05669090115244979,-0.05060076026893745,-0.04485446800743298,0.05070401455609619,-0.050636388439813995
3x_CNDR_20/5_ironcondor_real,-0.17172883988291354,-0.1548204764468175,0.05965440683410095,-0.2208609568730875,-0.23184537088240875,-0.07468285467394176,-0.04606139719521862
3x_RXM_riskreversal_real(short25dput+long25dcall),-0.6292634001789013,-0.3045870958901463,-0.06739237987085411,-0.20933091759469147,-0.6529820366579931,-0.023227708749746778,0.0037865270208676804
"3x_shortATMcall_long30dcall_real(BXM,-BXMD)_hedgedW",0.01189879844153241,-0.019512438788353292,-0.019365172617954673,-0.008975293627625724,-0.04479589400697381,-0.10601842840987163,-0.049031424551674196
3x_shortATMcall_long30dcall_real_unhedged,0.04141335973655136,-0.014982795779110547,0.034778583220134385,0.04810830696223012,-0.0386030979717914,0.1519994085025751,0.0057776233604518445
"3x_MODEL_25d/5d_putspread_skew(1.16,1.73)_unhedged",-0.3694794071936348,-0.13925270378096644,-0.027599657200685912,-0.14482600200151463,-0.0660976970088839,-0.2083629050444199,-0.08482914924756468
"3x_MODEL_25d/5d_putspread_skew(1.16,1.73)_hedgedW",-0.14450693958060645,-0.050172797970124416,0.011272180239150664,-0.041250756620028195,-0.038584807723220815,-0.17475633601070373,-0.05203764599229144
3x_MODEL_25d/5d_putspread_flatIV_unhedged(upper bound),-0.21396644337699933,-0.11596826841320496,-0.022004609244902884,-0.1123990192492963,-0.029654852376993945,-0.06282185629193549,-0.06635594411904067
SPY,-0.3623676780417343,-0.1507214234332227,-0.05209692532100774,-0.1383149356215686,-0.23371229067736166,-0.18646395894662282,-0.011462161395382031
