,cagr,vol,sharpe,sortino,maxdd,calmar,maxdd_monthly,calmar_monthly,worst_month,best_month,months,years,pct_pos_months,var95_m,cvar95_m,skew_m,kurt_m,dd_duration_days,worst_3m,worst_12m,beta,corr,down_beta,avg_in_spy_down_m,avg_in_spy_worst10,sharpe_2h,cost_yr
"1x PWD, index notional x1.0",0.022700515671522314,0.023992565826368925,0.9609720612662169,1.0636135919168257,-0.09576433877912993,0.2370456055033032,-0.0816441428448419,0.2780421825808474,-0.030512529546611877,0.03272387260847465,236.0,19.6249144421629,0.6186440677966102,-0.006675596857892679,-0.013886479150763973,0.29838067472707597,6.811102933108517,3679.0,-0.038227652377703536,-0.05450416046195483,-0.014835227515105243,-0.09513952907354553,-0.05882620569427183,0.0022465217926866702,0.011417148278059164,1.6592692894786663,0.008525559773090276
"1x PWD, index notional x1.25",0.02640027281717927,0.028198208684653975,0.9537153381679447,0.885012877950538,-0.1026420030184465,0.25720730345095366,-0.08742224740816018,0.3019857484779671,-0.03942744977770862,0.04368970434103514,236.0,19.6249144421629,0.6991525423728814,-0.009387568153304326,-0.01731704442640447,0.05874813228893249,7.172156247727369,1736.0,-0.04913932779929597,-0.05961288775534335,-0.0002546958282157672,-0.0013897727517829651,-0.03519788124948582,0.0017751983461708075,0.011060786031079062,1.452140789517083,0.008905009573057569
"1x PWD, index notional x1.5",0.029867182434577533,0.03338813926152329,0.9147720324451007,0.7628388243880381,-0.11024394696962547,0.270919023271242,-0.09996004088047583,0.2987912186859778,-0.04827549165065137,0.054100868698360394,236.0,19.6249144421629,0.7288135593220338,-0.013602369339140552,-0.021687778421968968,-0.2045461709620426,7.940779410283586,1344.0,-0.061157994284542605,-0.06474727012205084,0.013567819132459762,0.06252609563878941,-0.012245837417752599,0.0013404211145191004,0.010732604893786335,1.2791991942269079,0.009284459373024854
"1x PWD, index vega-matched (IV ratio)",0.028484979371288688,0.035328035133292905,0.8362578902704574,0.7076077912935134,-0.11452962506382502,0.24871276192002367,-0.10081114559038895,0.2825578382674819,-0.052460615572128555,0.049475076543701535,236.0,19.6249144421629,0.6991525423728814,-0.014685733309595134,-0.024044646695113164,-0.5121342125764196,6.634712201696933,1830.0,-0.06332432633326357,-0.0745897346706883,0.019644415793960233,0.08555849085063211,-0.023982210836625304,0.000502429288608284,0.01169190388010879,1.222028767007371,0.009363326758282626
"2x PWD, index notional x1.25",0.035845285452763775,0.0515996654970424,0.7272048232590848,0.6949096881751708,-0.18496175200819653,0.19379836676274184,-0.159825073363569,0.2242782355633472,-0.07488670467240999,0.07741695881697819,236.0,19.6249144421629,0.6610169491525424,-0.01764867531068287,-0.03215242460803632,0.13429185496171822,7.522464305955207,1716.0,-0.09318130720496332,-0.11144394825918247,-0.0032102572254864305,-0.009572743609410312,-0.06994621844138353,0.0024032950918742853,0.020142838416105802,1.0424785904247509,0.01642917986456173
"5x PWD, index notional x1.25",0.05791886677685998,0.10830949051819475,0.5980104731776723,0.5900781846276738,-0.3559489579252656,0.16271677578283716,-0.31639729884303813,0.18305739963220422,-0.1620285306920779,0.14327757631514015,236.0,19.6249144421629,0.6440677966101694,-0.039023803836186644,-0.0676900889460536,0.36605673459350435,8.03456391108183,1712.0,-0.20080832032266516,-0.23348806877462658,-0.018747277597722087,-0.026632698864668024,-0.15240940676212,0.004661695764668142,0.042165086963113906,0.8130191135273057,0.037468257143161224
"1x idx put RATIO (long ATM, short 2x25d), SPY hedged W",0.025220469358733677,0.037545224301187084,0.6968113320739798,0.5053847081716297,-0.12418812758260955,0.20308277328649713,-0.08909190638170439,0.28308373210333354,-0.05566831873097555,0.036037545362824774,236.0,19.6249144421629,0.7203389830508474,-0.014937643880735652,-0.030298584529097883,-1.4438431949286525,6.363603471581262,3221.0,-0.08323666928036944,-0.05564461527192077,0.022030910707807497,0.09028616958609263,0.08614790722384713,0.0008612084344973714,0.0012751617866450515,1.2044059176141397,0.0046734404656575065
"1x idx put RATIO, unhedged",0.010982478809977492,0.0634621407898668,0.2116594330815361,0.19620450262803493,-0.20981116539098355,0.052344587045744774,-0.19662160767810044,0.0558559099361932,-0.13721804522157244,0.0625831007944675,236.0,19.6249144421629,0.4915254237288136,-0.018631874192642367,-0.044897152455574484,-2.6985143513534213,22.162137237615326,3563.0,-0.17551639384625695,-0.19310302644699362,-0.0022426510536328065,-0.005437389793758405,0.3297830099346805,0.004150025321886756,-0.010238050837444468,0.30303498524101213,0.0046734404656575065
"3x idx put RATIO, SPY hedged W",0.040206100605963524,0.10049058893216103,0.46220837143333154,0.3404921818183211,-0.3243577025861649,0.1239560531024629,-0.23904327751861754,0.16819590587663413,-0.1535621675586304,0.10609039800400222,236.0,19.6249144421629,0.6991525423728814,-0.046110592952389506,-0.08133356437303828,-1.319178038492372,6.7746904787552715,3258.0,-0.22031886764252928,-0.1565500253197447,0.04824314137009404,0.07386754563744231,0.20683213466772712,0.0007850082988992013,0.005029479362542022,0.7684672140996167,0.013058278986258243
"1x idx short 25d put alone, hedged (reference)",0.030973374629631678,0.03179879633812248,0.987295156204901,0.6478370046236603,-0.09939500202250273,0.3116190351565102,-0.07290361668743084,0.42485374576720736,-0.05662590444199134,0.04800045476313053,236.0,19.6249144421629,0.7669491525423728,-0.009911157498351947,-0.02409520590823073,-2.245768535824553,16.583229643976246,990.0,-0.06323543919126351,-0.036868147413617214,0.058672707005902644,0.2839023098615514,0.09877621911483114,-0.0004935758352424771,-0.00027858575983470414,1.2269848476875218,0.0018830687166098974
1x PWD with RATIO index leg (x1.0),0.015896343316290862,0.03821651449018595,0.44442158982740143,0.4465923085588492,-0.19744218257573887,0.08051138368161535,-0.16820221515958222,0.09450733631069705,-0.03654886790560563,0.03894077965687903,236.0,19.6249144421629,0.5847457627118644,-0.016066052215130466,-0.02483201322435997,0.04692012295937453,2.6091952842114763,4029.0,-0.05163848727717035,-0.07563360741902803,-0.051923025617441894,-0.20905107140639798,-0.067450076988692,0.0036979578489671674,0.01216635579001587,1.0004742293298308,0.0113081407340051
1x PWD with RATIO index leg (x1.25),0.01838848872472254,0.04456286392018536,0.44546672540007404,0.43487213965875376,-0.2096107699574946,0.08772683163394421,-0.1709468837489896,0.10756843483454977,-0.04672720804026209,0.04665101679757022,236.0,19.6249144421629,0.6016949152542372,-0.018443231076700733,-0.02941822871394194,-0.007380212851681842,2.9272898372266587,4026.0,-0.05980142913100617,-0.08832372940995803,-0.0454350242738464,-0.15687767774699532,-0.046676872205635885,0.003533745641722837,0.012126018623532565,0.9688645825334494,0.012353171948866275
1x PWD with RATIO index leg (x0.5 = net 1 short 25d),0.010545459827018266,0.029976535753369407,0.37080572074255463,0.4252337326313314,-0.19027586232314853,0.0554219526232326,-0.18546379270914282,0.05685993839000364,-0.03251116917402097,0.03425131753913946,236.0,19.6249144421629,0.5296610169491526,-0.012387738633779288,-0.016834760618311757,0.5688108364686588,2.7408597579318634,5873.0,-0.034791696271443295,-0.06066072158392488,-0.06656568371465472,-0.3416743968019812,-0.11243349108014535,0.004106771325040561,0.012533441902835951,0.868904680019563,0.009213658873273108
3x PWD with RATIO index leg (x1.0),0.018219958695727456,0.10572161862745588,0.23884508201158966,0.23799247181605732,-0.45746811310337254,0.039827822254379405,-0.3954613683561392,0.04607266386465131,-0.09683099955748964,0.1097685652527296,236.0,19.6249144421629,0.5720338983050848,-0.046030556398532735,-0.06751535487653774,0.22934523344533683,2.453439989725993,6413.0,-0.13697199179746156,-0.1902744791639921,-0.14153023854567603,-0.20598183192997072,-0.18886525194763779,0.008392274869866614,0.03092338787491241,0.5404888150659753,0.030537166345884336
