,cagr,vol,sharpe,sortino,maxdd,calmar,maxdd_monthly,calmar_monthly,worst_month,best_month,months,years,pct_pos_months,var95_m,cvar95_m,skew_m,kurt_m,dd_duration_days,worst_3m,worst_12m,beta,corr,down_beta,avg_in_spy_down_m,avg_in_spy_worst10
1x PWD alone,0.019550659680971583,0.023950507521540612,0.8154513947471085,0.8669831911733596,-0.09761508092404547,0.2002831887849788,-0.08316231100734839,0.2350903846244009,-0.03097288881116711,0.03286637324533248,237.0,19.701574264202602,0.6160337552742616,-0.008009938907069114,-0.014315430443857765,0.22279412010161975,6.868227977630614,3721.0,-0.03879517848021796,-0.05525188618363641,-0.01051818015409322,-0.06749151003271839,-0.05592463615271308,0.0016767646421054563,0.010719457033566193
"1x long 35d calls alone, hedged",0.00810369842280334,0.045476542407746734,0.1982481707947388,0.18950763402742646,-0.23661621350240958,0.03424828038134765,-0.2351432827071558,0.03446281062978769,-0.10430814747125638,0.05002596894802802,237.0,19.701574264202602,0.5232067510548524,-0.014894306031995975,-0.02868888515384163,-1.7116105917790012,18.28645680385898,5988.0,-0.1166088772917453,-0.16935524041599714,-0.0019856053083586655,-0.006710096224557514,-0.06311067637826252,0.00027735886246710306,0.008663053555867394
1x 50/50 PWD + 35d calls hedged,0.014128713797772807,0.024850603109763347,0.5725599255608339,0.5472409196832698,-0.139485839459088,0.1012913845058576,-0.12837308118407553,0.11005978564550845,-0.056513222676471186,0.034637317583627425,237.0,19.701574264202602,0.5907172995780591,-0.007131183350914871,-0.014819020401147761,-1.4102363371044602,19.888379024028687,5002.0,-0.05560270208545559,-0.09091221262817784,-0.006595984747174927,-0.04079115195303417,-0.05852536596861891,0.0010118156069408636,0.009418666730160109
1x 50/50 PWD + 35d calls UNHEDGED,0.024206978742518093,0.03056617764779482,0.7938633734944823,0.7829295980547388,-0.15653711246797652,0.15464050895579295,-0.1457163619333296,0.16612395767603397,-0.049333323994512956,0.03138038684855138,237.0,19.701574264202602,0.6118143459915611,-0.0121543668875564,-0.018488657132700304,-0.6736898642079038,5.035402192995017,3355.0,-0.07649836315319458,-0.0942325519006999,0.10355452359903457,0.5206563899993745,0.011640472956294626,-0.0036537934661356256,-0.0021204450592616332
"1x 50/50 PWD + 35d calls hedged, ex-event",0.015354752957163598,0.021278052372358216,0.7214775039041589,0.7146237581948912,-0.11939070713942623,0.12860928061370883,-0.10514623755144525,0.14603235755013036,-0.04064493099183775,0.03086106366388175,237.0,19.701574264202602,0.6118143459915611,-0.006566487814330712,-0.012877034040411942,-0.6558791271772199,11.305669932710074,4895.0,-0.037744167417954166,-0.06727434315541969,-0.0018583764974819351,-0.013422242827415831,-0.051059883390976175,0.0009651721420395817,0.008943315592452173
3x PWD alone,0.025266935380171107,0.06562463448029245,0.41089093548893457,0.4482779900836377,-0.2521518868857284,0.10020522032270857,-0.22019232472869055,0.11474939197496417,-0.0879862941789884,0.08758712292243032,237.0,19.701574264202602,0.5443037974683544,-0.024629681070002407,-0.03953194642928102,0.4290043141082788,6.979770481615812,3915.0,-0.11035803339973305,-0.15355343354039963,-0.03214322084885948,-0.07527413185377341,-0.16488170700607058,0.002486931950513571,0.028348790329083672
"3x long 35d calls alone, hedged",-0.013916361097711882,0.23442637920842693,0.056160785800367305,0.06226896791609941,-0.7981738625225194,-0.017435250327204558,-0.7874014149914026,-0.01767378218118116,-0.3013843494927897,0.3033215061056491,237.0,19.701574264202602,0.47257383966244726,-0.0878696762848149,-0.14076126610383863,0.4206449627597351,4.039537099265454,6514.0,-0.33743231851138256,-0.491981068509901,0.023877887498837822,0.015653544152297902,-0.38871414010376965,-0.004688303484240571,0.054217455316163024
3x 50/50 PWD + 35d calls hedged,0.009162237503832937,0.07890817202593389,0.15395424220195714,0.1567168881805733,-0.39004863622490427,0.02348998728084243,-0.3644932896542399,0.025136916820949654,-0.15868813364301648,0.12546847414770967,237.0,19.701574264202602,0.5147679324894515,-0.026610059890610514,-0.04890778529680139,-0.4362621795497431,13.988731835230803,6440.0,-0.1566494713551505,-0.2578184544995268,-0.01773999701958764,-0.03455053848999774,-0.20976510924282474,-0.00010215679613461287,0.02954745818488517
3x 50/50 PWD + 35d calls UNHEDGED,0.037045739175674,0.0970597334237937,0.42255867516356166,0.39588935162232725,-0.4678108618190263,0.07918956612427958,-0.4465610870526058,0.08295783096593443,-0.15181071170316007,0.08857197131239092,237.0,19.701574264202602,0.5822784810126582,-0.0395308567016309,-0.06563250147339963,-0.787322989516987,4.681004147065417,3398.0,-0.2358351974286076,-0.2901821410510468,0.3254748658948224,0.5153492201743815,0.031259936227467824,-0.014929165158587887,-0.008195391963804099
"3x 50/50 PWD + 35d calls hedged, ex-event",0.013093401700133622,0.06398596874788866,0.2335745470695313,0.2382875693015823,-0.3290624161414428,0.03979002480339659,-0.29717216562269966,0.044059986818407046,-0.11355165524704847,0.08816358138456715,237.0,19.701574264202602,0.5316455696202531,-0.023418491200302326,-0.040682781101056754,-0.26280922290754605,8.746352383138625,6202.0,-0.10793485990168539,-0.190452042307653,-0.002533663752958663,-0.006085377010683359,-0.17060917022389835,-9.112714008965156e-05,0.02592324257422026
5x PWD alone,0.030442993100910032,0.10280550144116844,0.3411908602881392,0.37503503810800304,-0.3648205034883174,0.08344649713988705,-0.3245021382205987,0.09381446072387567,-0.13893121238856365,0.13218426540243278,237.0,19.701574264202602,0.540084388185654,-0.04170476589783743,-0.06134277252075529,0.5829732841673586,7.05562483004557,4176.0,-0.17390293931815504,-0.23571651907496305,-0.05402783002306054,-0.08076522918550061,-0.25988877397484866,0.0035436111849001225,0.04390478947761315
"5x long 35d calls alone, hedged",-0.052566549904360715,73.61911707346536,0.4733371737881705,24.495030265085237,-0.9998990275570356,-0.05257185821331569,-0.9998990275570356,-0.05257185821331569,-0.9941207698899159,223.82883210721616,123.0,19.701574264202602,0.4146341463414634,-0.8384221428603347,-0.9128348958064694,9.663907555757271,98.5135108189847,6514.0,-0.9952726135267386,-0.9954226637865735,135.69237014706042,0.5071775399775108,-13.63749543263828,0.5093520516578511,1.3521839342885866
5x 50/50 PWD + 35d calls hedged,0.0036918200253446276,0.14960492974325132,0.09830069181767553,0.10637674766524118,-0.6043827340420691,0.006108414118077126,-0.5715866097228843,0.0064588987260119505,-0.24830240968010442,0.26814033107576174,237.0,19.701574264202602,0.4936708860759494,-0.05203127811858408,-0.0901213428012112,0.4726142863817139,10.730255376026886,6563.0,-0.2452742911698239,-0.40420646589959963,-0.025496531470766606,-0.02619138469685785,-0.41739251825898344,-0.001775461609777844,0.057085406891441245
5x 50/50 PWD + 35d calls UNHEDGED,0.047462505605571526,0.2080096529075668,0.3287304097967971,0.31092791748421655,-0.7660498246482575,0.06195746553086752,-0.7500327903577004,0.06328057415054619,-0.2632822539965264,0.26654110746128645,237.0,19.701574264202602,0.5780590717299579,-0.07118832837748931,-0.14840901471609272,-0.419149545427831,5.862011407887836,3404.0,-0.4482641119049433,-0.5306797104151333,0.6510784121490458,0.4810310018243541,0.0927653398728234,-0.03133006417130274,-0.015869377142896546
"5x 50/50 PWD + 35d calls hedged, ex-event",0.010733521597412254,0.11184217279099623,0.15031543291638305,0.15626545066280917,-0.5014965725318359,0.021402980967992303,-0.462757503539848,0.023194700281046858,-0.17681750843819044,0.14367151399040123,237.0,19.701574264202602,0.5189873417721519,-0.04186389107561015,-0.07082957429001698,0.05665952550638119,6.454932688091276,6563.0,-0.169220638448089,-0.3032737954687358,0.0014107462241720514,0.0019385033754957428,-0.3044000381077071,-0.0014097970941642098,0.04497253576554714
10x PWD alone,0.04159006406857779,0.18682934504632615,0.3079198780861537,0.35693071566935564,-0.5467304472018464,0.07607051021474068,-0.5013559220970747,0.08295516665010082,-0.24535559097545812,0.2837225455908847,237.0,19.701574264202602,0.5274261603375527,-0.0701081851794142,-0.11096428994971254,1.055780382552052,8.233356222305172,4180.0,-0.3054433467261687,-0.39215857485226213,-0.10941885984508636,-0.09000577057164048,-0.4581030409500078,0.0069300835045965304,0.07605899376354645
"10x long 35d calls alone, hedged",-0.7886979671354857,6.482263837520097,0.512222008613043,2.8531526629118193,-0.9983932663445834,-0.7899672340771539,-0.9944236908397186,-0.7931206530985676,-0.9353994226898931,9.495716033462704,27.0,2.2039698836413417,0.2962962962962963,-0.7914529726388886,-0.9115613152612312,4.937145469570106,25.188237827564027,614.0,-0.9944236908397186,-0.9921749250673211,10.5778420288196,0.32386579379151376,0.7682844921931111,-0.02500821510543149,-0.02185980689152306
10x 50/50 PWD + 35d calls hedged,-0.013084829877095694,2.6251605183949374,0.2778178634364365,1.236512246640118,-0.994740084686485,-0.013154018902555511,-0.9927745425444757,-0.013180061853277731,-0.9119579379800382,11.14673139355113,237.0,19.701574264202602,0.48523206751054854,-0.25713022918619854,-0.39053100214924236,13.430423261014893,196.1842557675003,6563.0,-0.9628186233179191,-0.9833088759527941,1.2718063515199793,0.07445406022535209,-2.4615532895774472,-0.009694806741103505,0.29035358362032104
10x 50/50 PWD + 35d calls UNHEDGED,0.06728629344927062,14.823176973656349,0.2726891240609971,5.185031842505196,-0.9998292974690458,0.06729778135087482,-0.9986815646841919,0.06737512319109268,-0.9438946235302179,60.90917423494937,204.0,19.701574264202602,0.5833333333333334,-0.19004383680719578,-0.5530701827064592,14.113318573640399,200.67858958492312,3404.0,-0.9812067126204137,-0.9978510643946863,6.064050724762746,0.07264730317266624,0.9462380231964477,-0.02498126488101426,-0.07172846076282845
"10x 50/50 PWD + 35d calls hedged, ex-event",0.004338649189435273,0.287359112526191,0.15429641117280843,0.17650239873091553,-0.8257180634710488,0.005254395393988367,-0.7916186835776491,0.005480731164437833,-0.303572688163845,0.4237665878748784,237.0,19.701574264202602,0.48945147679324896,-0.09653121981371719,-0.1681063124622683,0.8334304595550345,5.612682472116129,6563.0,-0.4660810739757877,-0.6575373163031024,0.049697429161535744,0.026578606675785734,-0.7765267253848915,-0.0064766436144407195,0.11102081894959029
