,idx_short_straddle,idx_short_call30,idx_short_put25,sn_long_straddle,sn_long_put25,sn_long_vertical_30_10,sn_long_call30,sn_short_straddle_event
2007-02-16,-0.022308030977672314,-0.006228114121602732,-0.016479049483033012,0.01627933842266677,0.006620097997640143,0.004218072990116663,0.006272095739800483,-0.0009564285209311638
2007-03-16,-0.00036493763988907447,-0.004690442131305928,0.014198267064193032,-0.006776505779421189,-0.00981897609608306,0.002355200876038871,0.0025638427196854026,0.005055482248343178
2007-04-20,0.00873974648470187,0.007742129186463076,-0.004449517189860809,-0.0027400238271158887,-0.004405669697455712,0.001062133397074882,0.0008257534264639253,0.00012927849127398805
2007-05-18,-0.004852530205132207,1.289390716527123e-05,-0.002593083287251415,-0.004651416658465634,-0.00355184543035971,-0.001957626475502737,-0.0032837917639581718,0.0008937932361260755
2007-06-15,0.009036676497030537,0.006399082329531433,-0.004742803182970965,-0.005800892478097114,3.494931979605462e-05,-0.0036400870799906553,-0.005048383135285462,0.004799815096711042
2007-07-20,-0.02429212183429557,0.003200826315214159,-0.02300348411045398,0.003140768490608549,0.009369504058312508,-0.005646873110883637,-0.007491558846908272,0.0011668587723488455
2007-08-17,0.013055385170413996,-0.005724827824283392,0.016275968765939584,-0.027958323270393534,-0.012448349402514287,-0.003367932512233732,-0.005840751954738982,0.021867435353648036
2007-09-21,-0.00230711879101838,-0.006272777052853839,0.0025674865053552202,0.0009411524443944218,-6.042130175849888e-05,-0.0008027711699584033,-0.0017176602288095746,-0.0006580063775269082
2007-10-19,-0.00950849425781914,-0.01022321968815825,0.024516280732157756,0.003394630695721484,-0.007983545190231991,0.0043485505659919,0.008214856026364606,-0.0013880347819259624
2007-11-16,-0.013021176757344743,-0.002674222054628306,-0.004606176564355497,-0.0015537725394208684,0.007420419080843218,-0.007866089576271246,-0.010640125731006264,0.001971232079762267
2007-12-21,-0.001036646630368894,0.0008810422538948478,-0.0025703164911105997,0.006492954136656713,0.009269762418010622,-0.0009069294094023062,-0.0014090092474317644,-1.4469417113228702e-05
2008-01-18,0.03742892280973657,0.0007029789452261757,0.01481315070822579,-0.013720759985144017,-0.01198374243404204,-0.00245867046618124,-0.0031437128903008997,0.002580330081952736
2008-02-15,-0.0027169026329608168,-0.005598275557853864,0.013864340649364284,0.01465218171586271,0.00606002381101728,0.006839950022777775,0.0086890438427747,0.0009783541228367248
2008-03-20,-0.006758577741266228,-0.00314265156804875,-0.0018403155564111658,-0.0037542626536615424,0.007931375148621038,-0.006682024440126028,-0.009502497871662607,-0.0005351781208185712
2008-04-18,0.010926076535541913,0.0076648548484790375,0.001226842464864021,-0.01730326366788021,-0.007701449072033167,-0.0023284224387791473,-0.0035771010924063157,0.0017490298171885079
2008-05-16,0.01405635987311427,0.00846922335900541,0.003741152118328377,-0.0039867029175634965,0.00977466397958924,-0.008390709976100247,-0.011425504161239717,0.0005280977260266664
2008-06-20,-0.0031228295995785155,0.004576473622281919,-0.0009494683283587219,0.006198658850085572,0.02077206195652054,-0.007243374022130156,-0.009917151648357162,0.0023048441929059338
2008-07-18,0.02298822451688035,0.018307376935314503,-0.00793309879255353,-0.0048318626502309924,-0.005926488708424847,-0.0015240883031279082,-0.0023923453868509967,0.0025134878255433867
2008-08-15,0.021692549475500127,0.005386047093295493,-0.008625433407775475,0.09330210978068842,0.04559682575795322,0.021237056633217843,0.029072652857856127,-0.0016742370753107824
2008-09-19,-0.0434904330991219,0.0021245199530670654,-0.059652182627536125,0.058614957561164395,0.048855686477640874,0.006557249570445856,0.0073172438943673625,-0.003599339803956682
2008-10-17,-0.06259200902357558,-0.006011152614669641,-0.0237798866068339,-0.02797754173494247,0.016409617935979275,-0.021733271546117146,-0.029209093363054797,0.006842423811023356
2008-11-21,-0.004599733684078208,0.003699333543709712,-0.0027076811572327277,-0.04634971565375687,-0.030366647184874397,-0.03197997393011814,-0.037156368426492205,0.0009409033914776519
2008-12-19,-0.006617554946542368,-0.006498736323312041,0.015179254191881628,-0.017198550271367772,0.001757740422099363,-0.003889482456143829,-0.005949173017120571,0.00041986694114713464
2009-01-16,-0.020333574268436176,-0.003052682790891151,0.017561021109958993,-0.020059523760924815,-0.0053543339348188605,-0.006620978872126318,-0.007743347345405957,0.006205929912689957
2009-02-20,0.006038538424371858,0.018040552612024592,-0.03751858775210404,0.020017902796059382,0.02086704205467063,-0.012693997823614977,-0.01388430776992289,0.001433636619292898
2009-03-20,0.03331056641364587,0.005313389313360676,0.016501839816238616,-0.029309225311271496,-0.02701415768274921,-0.0030455260977820726,-0.015339057895526755,0.0011717195177506656
2009-04-17,-0.0014143656850716798,4.0809622530359775e-06,-0.0007133659658514662,-0.008749035122666858,0.003304202916044509,-0.00393543336293567,-0.001516841212082072,0.005167786327584647
2009-05-15,0.018517831734014674,0.014746102648012805,-0.005738364232763182,-0.028385011483510025,-0.014195314231929369,-0.007763654582994408,-0.012352125176816947,0.0019880607265038417
2009-06-19,0.009745825273645576,0.0030676975635887354,0.0073934377614180554,-0.01600243823392957,-0.010751470160333905,-0.004223209490823327,-0.004954152074505459,-0.00319026806263905
2009-07-17,0.00534431204465474,-0.004720295561315725,0.014319885085281333,-0.002593200599252945,-0.009444272752513177,0.005537622542119701,0.004258914523077663,-0.010864467251940515
2009-08-21,0.006902041582856094,0.0010903560904681217,0.003977966487955535,-0.016452739611045805,-0.008924601858470356,-0.005597764569322346,-0.0066631380880696235,0.0
2009-09-18,0.006037317638363806,0.01065250601259782,-0.012719072349278257,-0.010645237511940301,0.00038453285151277667,-0.007117624809437082,-0.009518832883168129,0.0
2009-10-16,0.012032984711898025,0.005301765154450201,-0.007853644724427955,-0.011611887456273893,-0.007159646581018809,-0.004885529206864769,-0.006128265318397083,0.003867862397185876
2009-11-20,0.024450514578965493,0.009633538969282061,0.001069462766036624,-0.0226683053463737,-0.009680618129265378,-0.004979512142132735,-0.0059194470354822695,-0.00041697277845116333
2009-12-18,0.00020746507607772945,-0.0052408046134738255,0.008455650914870202,-0.01584115136698424,-0.007986294801501674,-0.0023570405257416424,-0.005935475811113371,0.0015042195290841628
2010-01-15,-0.01060690158365562,0.006085453885334311,-0.01480625488107768,-0.0014603375252069672,0.006339289882241632,-0.006951417877392494,-0.00898190388698515,0.0009007218291943427
2010-02-19,-0.007153382556443336,-0.006312199415825773,0.008720130317125237,-0.012107885145521025,-0.0012973617290215334,-0.00575894565485639,-0.009790641769081704,0.00013674748713150622
2010-03-19,0.00031498345111729577,-0.00394106388534978,0.006844268489582697,-0.00627738521873951,-0.004019389704101835,0.0005544232250155182,-0.00192685907239723,0.0
2010-04-16,-0.06600869214022079,-0.01660444738635339,-0.030542723106859834,0.018774992834903765,0.005820950966690551,0.0055423643887583165,0.009436096268906607,-0.00087852129067434
2010-05-21,0.0180160944851737,0.011609907244316419,0.00013044178297009785,-0.0335241361914099,-0.011093061529158614,-0.008812267741234973,-0.010289213881267002,0.0
2010-06-18,0.004624616213437752,0.006448761963548139,-0.013745236277688876,0.0055706606836147836,0.014966968065804569,-0.005286812677479698,-0.00639733897128189,0.0
2010-07-16,0.03001230738868343,-0.008834289984260453,0.02388288603563432,-0.002868187181612593,-0.010413537846520427,0.006303432395402808,0.007757278431065963,0.001183147893411573
2010-08-20,0.000710887900689384,0.0013578291684016586,-0.0013839421884698094,-0.006306369619444362,0.001132865919743548,-0.005991609049994498,-0.010136595552718267,0.0
2010-09-17,0.007773866006581695,-0.0032371923032726625,0.012736529845852171,-0.0034918658363258,-0.004855580350502627,0.0033128362668198535,0.0007279269517339999,0.0
2010-10-15,0.01221939633570111,0.004784743410385912,0.0015343036484009353,-0.0013058951644785701,-0.002076292190464563,-2.7842939621768893e-05,0.0007619100873662392,0.0009538419449108187
2010-11-19,-0.0011113838327620178,0.00219008989694505,-0.002901688546119258,-0.003932623370551504,0.001719203127570101,-0.0032547119483913992,-0.006135490047441446,0.0009432025139476173
2010-12-17,0.0035981345143817596,-0.002082870929467492,0.0075919602431704985,-0.0034588294185245176,-0.005726801689689629,0.0022654290945776736,0.002056711503739818,0.001653912178281229
2011-01-21,0.004506916888511274,0.002895271990123205,-0.0011575968837022083,-0.0021356752536492423,0.00024910792251944076,-0.001272291981220711,-0.0022604212459038245,0.0001475966097388882
2011-02-18,0.007266178354407078,0.003140102634541923,0.004388298463830608,-0.005733436742799822,-0.0006272905611874303,-0.004085615632695495,-0.005198856134523288,0.0
2011-03-18,0.018298607517652447,0.007787140717972303,0.0040973866948329375,-0.011551057076312486,-0.009041424371770117,0.0012872252404744504,-0.000279277146659093,-0.000369175297383219
2011-04-15,0.004815975679106079,0.0014386046073702164,0.0021566179941926384,-0.005933119795935694,-0.006674447730517481,0.0004742561776746297,0.0011389567177684512,-0.00039243348882789724
2011-05-20,-0.0014068257769690826,-0.0013198415778060443,0.0107478002598373,-0.007432511161240167,-0.005575289078011759,-0.0013044414703646907,-0.0006806205059323693,0.0006999089740698691
2011-06-17,-0.004878057259699563,-0.0004407546152784489,-0.0036012917908328818,0.0006809505542203551,0.0016818635383421788,7.91768852918176e-05,-0.001765050919941743,0.0002856761897818651
2011-07-15,-0.032243915581699575,-0.013202658488299698,-0.0017205898301103151,0.02521750863271358,0.007430126012725406,0.009694865651311703,0.015428861821768223,0.0004843188133446965
2011-08-19,0.043443778919955135,0.002770346684054937,0.021347162661045208,-0.03935999285638787,-0.02185785264876974,-0.0041160489870031595,-0.006661019420478493,0.00293404112471384
2011-09-16,0.0054710689747065775,0.016876934682356192,-0.02997285330994532,0.01312225422027742,0.024942701749289874,-0.013849611526584602,-0.01808733596148947,0.0020218247758597135
2011-10-21,0.017723461208762833,-0.005717718347643735,0.01869254364117875,0.002903412655589054,-0.015013615960386115,0.005787300830134773,0.011981974206566694,0.0006033897451045922
2011-11-18,0.029547888400578638,0.009980101708630798,-0.008091677573762135,-0.0033464373559501256,0.00391002643820073,-0.006898236598200165,-0.009762823297286173,0.0005853158550660592
2011-12-16,0.021179183256259653,0.004308407255294034,0.007501961566459038,-0.005990852504302282,-0.01066064376295684,0.00661043413470476,0.0024403207997221034,0.0010625382689989638
2012-01-20,0.0034153144635674544,-1.5831119685899468e-05,0.0018092756234048865,-0.014706446632161736,-0.0036684162164096487,-0.0044486623994073595,-0.007659953896281309,0.0007302731420267373
2012-02-17,0.007053594435190316,-0.002487517650456168,0.008768254059208558,-0.0023008357541285224,-0.003854040142313577,0.0009574913161025615,0.0028075597117452416,0.0
2012-03-16,0.011657209160542348,0.0035742003333126193,0.0028469628068375167,-0.009228777989875874,-0.0049039859159307085,-0.0029702111992249264,-0.003076823091450613,0.0022130875910681205
2012-04-20,-0.007420140901349019,-0.0058101247797526885,0.006812751217668993,0.005070146406427258,0.0019179669102758635,0.002034041106033721,0.004728885177001008,0.00045407615373306906
2012-05-18,0.025100166135788894,0.0014697969167467673,0.01279384666882141,-0.007638356689969543,-0.007932566232130863,-0.0014389883015813538,-0.0013969289067529607,-1.0141590937972069e-05
2012-06-15,0.020654190240792465,0.013823208425376331,-0.005496210746253724,-0.013824203938247287,-0.004210309020390734,-0.007154499232151895,-0.00948109431741375,0.0006856309121528175
2012-07-20,0.009290617060275282,0.0018160612808058505,0.005178878215547884,-0.0018406335998892318,-0.006463162449426832,0.00647705358339299,0.0031197116958100813,5.469415614474565e-05
2012-08-17,-0.000728487430966692,-0.0018163607010210398,0.001597824017727049,0.0024107227327704894,0.0009228442740980535,-0.000502571182530839,0.0009191765561447246,0.0007518275231416337
2012-09-21,0.005339132128756493,0.0017318530226168223,-0.0023881247743081768,0.001317184108888381,0.0031817016624938695,-0.0025303964714729226,-0.0025221810671449637,0.0002514966579149477
2012-10-19,-0.022272881889590063,-0.0007316624433635734,-0.013992838059632457,0.00742023637898115,0.004857333655170864,-0.0010536596701542149,-0.0010478784827282653,0.0003355989493096713
2012-11-16,-0.0033047263878905214,-0.012944999042170821,0.019555274941358832,0.00224972621815023,-0.00703487561151816,0.0076250719087561595,0.00695754317659256,0.0008763785553050693
2012-12-21,0.00798348044924764,0.005599198684866773,-0.0008530047392609995,-0.011832750933378586,-0.003228719857690041,-0.003817589501324226,-0.006048365758598899,0.003352585710989777
2013-01-18,-0.0008238066563194152,-0.0034171233488977885,0.005118728519664379,-0.006019622268516687,-0.005696814004452899,0.0010954533686923097,0.0011030345474473434,0.001304575808259193
2013-02-15,-0.008859726869189413,0.002195556874339469,-0.009914471794357291,0.009333887576817535,0.009430642172258464,-0.002533470064347377,-0.0033831927756160732,0.001080285641503986
2013-03-15,0.0003093800100244116,0.004333898619898362,0.0017654746262633708,-6.519565492705442e-05,0.001970979276576196,-0.003166699887298979,-0.000978667311415542,-0.002286023636007449
2013-04-19,0.013025814021080965,-0.004552120009982027,0.009971784528294812,0.003514752975290059,-0.0050137735126958,0.003570995436949306,0.009072222084874055,-0.0012869318126956931
2013-05-17,0.018598211756163975,0.005468058694608509,0.0015391074734248686,-0.0038632756009090224,0.0016853879109856207,-0.0027574471949660217,-0.004041050382526009,-0.0023358690550813917
2013-06-21,0.005532898330610944,-0.0030885949874285144,0.00823516097296623,-0.0036685823551133507,-0.004550603876258479,0.0013356660178623862,0.0005919435094454093,0.00018102437721053137
2013-07-19,0.0007868985573351383,0.003011920140843373,0.0004994500049602939,-0.0062382538916463965,-0.004451323884333135,-0.0006167309086374007,-0.002087588989063399,-0.00036088071800093166
2013-08-16,-0.0023452081379627342,-0.005115761354851304,0.006339343714473653,-0.007766310046358732,-0.002022506556374603,-0.00351468222306727,-0.004599134158646455,0.0033203000813950786
2013-09-20,0.0065702901145683135,0.005073877320863772,-0.0013554287143733817,-0.0029131246774080207,0.0009478350325692445,-0.0028986180886072105,-0.004983887796254363,-0.0003049514388369862
2013-10-18,0.006433648137311684,3.5959623528178783e-06,0.004558577616172959,-0.0026441051407890626,-0.003822290538273868,0.000869309317842708,-0.00037120119473023805,0.0004549663945348002
2013-11-15,0.0038584723652049435,0.0031494134470738937,0.0008966994547871872,-0.00085863996899419,-0.0025088113023047334,0.0010366585237293038,0.0004071510773387272,6.401056523947046e-05
2013-12-20,0.0064807030637166465,0.002708961556429276,-0.0005921453551689629,-0.008740878807294997,-0.006513369668786996,0.0005803035495959921,-0.000258921869115904,0.0
2014-01-17,-0.00881483154332335,0.004553505096512381,-0.022407968269781676,0.0010056113751592348,0.00850678945962293,-0.006622093046479276,-0.008769819245928899,0.0002648272567917593
2014-02-21,-0.011229866833566223,-0.01023991233589151,0.01131909615449328,0.002899864231663407,-0.003452687019501929,0.002998115307567408,0.004789108527336386,0.0010606151957307012
2014-03-21,-0.011664383565621684,-0.001880829646922415,-0.0024954150150077186,0.006187929558985866,0.0012007146296632708,0.002497569143896224,0.0036563011862918503,-9.374839687487111e-06
2014-04-17,0.01859897131605982,0.006278688412498915,-0.0016491997792168985,-0.015242765698555275,-0.004166331120751449,-0.004106511909511871,-0.006437379794411943,0.0035996989931808784
2014-05-16,-0.0029517469777092338,-0.005992309449077584,0.01061714463927201,-0.007414389502026839,-0.0050668524027167585,-0.0017707080290726154,-0.0009056236907354323,0.001107803631822113
2014-06-20,0.013680942270781612,0.004883387104115216,-0.0015567633726563071,-0.0061666596496328715,-0.0031444142940207386,-0.0018534580196166643,-0.0019227027578793932,0.00020953209244133905
2014-07-18,0.004172787015340524,-0.0017627790004129055,0.0028228910982732195,-0.0032095147162638604,-0.003130333408258506,-0.0010187531118458137,-0.0007819908238154603,-0.0012452970269594807
2014-08-15,-0.001022690108316252,-0.00977133632027288,0.015425761663787882,-0.0021665800700320396,-0.006324078735985094,0.0025337138137901203,0.003918872037945548,-0.0004497948366892524
2014-09-19,-0.013225591655950993,0.003164186758262804,-0.013504640748516773,0.004525000759751071,0.006024457577509689,-0.001998738716143882,-0.0019902696583626095,0.00010521891097468324
2014-10-17,-0.008965505445470102,-0.023457083066874183,0.03376326802866557,0.0011451386040842626,-0.005916315206264611,0.00803035321312782,0.004582549357047421,-0.0019863714766013437
2014-11-21,-0.019677449367146473,-0.002459655753971776,-0.020482406996703475,0.024036659446901875,0.008085070869754884,0.006277902676555445,0.010319063591441954,-0.0005566014810174238
2014-12-19,-0.023705453349009854,-0.009607161889618262,0.005294681698762113,0.0039828533136196205,-0.0017188162672505715,0.0020451312145644334,0.00398313276197412,0.0
2015-01-16,0.008736498010762735,-0.0031568277861953246,0.010144697989372769,0.002899718453251291,-0.0025604695298391163,0.003646829262070707,0.0024768864226959414,-0.0009260212471077685
2015-02-20,0.006810610277666711,0.004274715889823623,-0.005611222696379293,-0.004897980790662812,-0.002213446822581929,-0.002035716484427801,-0.001940987579858047,0.0007546454393237363
2015-03-20,0.00814507839018642,0.005962047394728986,-0.006025860360147664,-0.008091553744579665,0.0005261253399663837,-0.0062430082304381065,-0.007188296313927276,0.0002930443720780313
2015-04-17,0.009024095393315423,0.000305967624761397,0.0038657962540690786,-0.011155447035095887,-0.007250190090397839,-0.0009455458631577203,-0.0016516390330225696,0.002349929789577844
2015-05-15,0.010086527843056246,0.0017502106599186081,0.0032991247422990855,-0.009489518136252068,-0.004722339670346002,-0.0020114417468265165,-0.0030927320686307503,0.0009285410428442992
2015-06-19,0.009708664316739887,0.0011251914377631619,0.003531342847655062,-0.00262868652546918,-0.002252760867513833,-0.0018607739497864385,-0.0027164663019400323,0.001036407211303478
2015-07-17,0.001117791651556734,0.006239855511613656,-0.017518466550147858,0.0138219199997267,0.015188950396119966,-0.002120941860095831,-0.003311810976145207,-0.004929919364543864
2015-08-21,0.01394822325504967,-0.0011486605016784743,0.014940324535895371,-0.019847648290769664,-0.010520467109616613,-0.004082059238887857,-0.004510993428963353,0.005980636462253984
2015-09-18,0.012452112561908086,0.008823323528919602,-0.00784004352402757,0.002895831261226558,0.0013402153182683978,-0.000499317570920568,-0.0008290788954673334,0.0011661906956415623
2015-10-16,-0.02616165415572282,-0.021741515629394446,0.022608195712762652,0.013734265062141697,-0.0008473676995527931,0.004658632530586794,0.009987386656025308,0.00039034720363700763
2015-11-20,0.00676215003909613,0.002855508681343403,0.010618962862376822,-0.00679530646372051,-0.002692058852128335,-0.0028485497241191333,-0.0031549543772178,0.0015649583602547646
2015-12-18,-0.025147146116506307,-0.012209773236111271,-0.0040058513349914,-0.0016545674329063623,-0.004381174402362667,0.003131030309389811,0.004097393025106401,-0.0004007490550815128
2016-01-15,0.016192416199226164,0.0028173358274989294,0.004393522616310511,-0.006438687513594981,-0.0022724761139939075,-0.0025873505881991005,-0.0037633190574658804,0.0061175147961431645
2016-02-19,-0.0008950150199430063,-0.007026952470835648,0.01257165610800311,-0.009174820197888534,-0.00557140585883474,-0.00019511581651563756,-0.005152686887316871,-0.0001813118904088624
2016-03-18,-0.0004803248931837734,0.0030487078971897716,-0.002212231411010027,-0.007412829918848583,-0.0017799811050712596,-0.004855311295158113,-0.006321644489964587,0.00029639369551232085
2016-04-15,0.009728736107132863,0.0011717719976888038,0.006914954072847031,-0.0035338521737529665,-0.00440643031074258,-6.711316321429331e-05,0.00125130034058413,0.0060158825242510065
2016-05-20,0.004415950716491323,-0.002142420530006406,0.008188203552076825,-0.002224657518271473,-0.007502184489208739,0.003664747944803792,0.005264388854120509,-0.0005458872130110395
2016-06-17,-0.006551139374458231,-0.002817193177478155,0.0011205097362392117,-0.003545674830032629,0.003190364012446953,-0.004439966255939915,-0.00819008234281349,-0.0036933817132655533
2016-07-15,0.018955606561103604,0.005924744970344706,0.0002467491146023385,-0.002423556803827756,-0.004782162987074233,0.0008827739673044998,0.0006114007133964915,0.0008401353691699914
2016-08-19,0.004918588642921532,0.002148738226642832,0.0035092322200215424,-0.003661319734003162,0.00029575219502858815,-0.0020542412968924035,-0.002795093043343164,0.00034325089357141404
2016-09-16,0.023958284986918328,0.0021402589588132687,0.005542154932587873,-0.007396580936178681,-0.004720485082970466,-0.0011948505432286766,-0.002014562766404124,0.0002498251098727342
2016-10-21,-0.012792158561225049,-0.002671516641846625,-0.00751580759656569,0.01614173577395722,0.004441783166770707,0.0029107751410183264,0.012453875056086458,-0.0005460113071433735
2016-11-18,-0.00446985727216606,-0.009757581434093882,0.012517534565610345,-0.0007754155449477257,-0.003823637950439472,0.0027240606502783485,0.0031960334416986443,-0.0007688981919270008
2016-12-16,0.020065674395374256,0.00529501980526268,0.0009274131017301697,-0.017556075664182543,-0.00706199915559683,-0.004084792236668872,-0.005536171212924994,0.00013735552515741438
2017-01-20,0.00763548632216733,0.0014922696685786359,0.0035680552696736997,-0.0002770000789806945,-0.001266236784422188,0.0023206601435651537,0.001982657937096199,-0.0004107468692623079
2017-02-17,0.0024774187546386384,-0.0001273035618136637,0.0020950470456243494,-0.012461315545787569,-0.005953272757243598,-0.002675625477643567,-0.0037541660254951565,0.0005434841050568503
2017-03-17,0.00514081788862613,0.0037421235576878533,-0.0026250544137291143,-0.007862331356353941,0.0006196741525331745,-0.004983282435519155,-0.006538579062775708,0.00021662741774553434
2017-04-21,0.013263867521577748,0.004216379922343651,0.0014500863191268872,-0.007994833094480331,-0.006586873319834471,0.0002738582250534091,-0.000206500227994984,0.002074065080924658
2017-05-19,0.0023944857653465587,-0.0027618233979830984,0.006701178463822463,-0.0005173224999575177,-0.0014447070323390654,-0.0002934516552685527,-0.00018019374851684553,0.0004864478691779077
2017-06-16,0.005706536669183755,0.0038714499812957364,-0.0006830744921988808,-0.00015427062075503637,0.00028300696787412745,-0.0011353741928266828,-9.380882851511706e-05,-0.00017811479804012926
2017-07-21,0.0008378402169519104,0.0014661423471278977,0.0033149025094562677,-0.00435612451486662,-0.004989396559751476,0.0005247781211094698,0.0019760481820504648,0.0012222127870789264
2017-08-18,0.005769619802759494,0.00040354693905473687,0.0035051474817171693,0.0009103753784756409,-0.0022140320214867823,0.0007500932418458396,0.002875710693142959,0.0013144970591764432
2017-09-15,0.0014367515374864451,0.0012937112220893613,0.001066512154639,0.006566850713535445,-0.0011584881905140356,0.0035703408780813914,0.007222596952537075,-0.000583327604163438
2017-10-20,0.008612306668461765,0.0038522017497881317,-0.0011259861470905598,0.0033160454578034116,0.0014948284327590373,-0.0005069243784954306,0.0005905227220605594,-0.00043372744102822616
2017-11-17,0.0018784693071357906,-0.002907563765641069,0.005188348237834638,0.016179893091499108,0.001964243040370522,0.00416785466592852,0.011521640785284922,-0.00042901226151967423
2017-12-15,-0.005164524041231256,-0.005540736513589742,0.009219572886018781,-0.003032151192217483,-0.0022007926064792553,-0.0005929996717352188,0.0036835411189582667,0.0014164046582423617
2018-01-19,-0.037692781736447245,-0.01925735624870099,-0.0012932124877055176,0.029431264827698703,0.009916529617030639,0.009721171432257862,0.016626063493360647,-0.009029697549033678
2018-02-16,0.004522565217520809,-0.0044457999906541085,0.007206266125675989,-0.005484159530628589,-0.005269585366264917,-0.0009375620830735425,0.0013763058788523776,-0.00036820578441745604
2018-03-16,-0.024882501295824536,0.004407399921832257,-0.02346883654286177,0.01632477629492234,0.022865932788888925,-0.007661085949574132,-0.01018769822735025,-6.809096771362238e-05
2018-04-20,0.007521091553710401,0.006087941520659603,-0.0021479890800728462,-0.008842477210835089,-0.0018961638390431182,-0.0034737111941169716,-0.004488167326748837,0.003789750543045811
2018-05-18,0.005261530712675536,0.00152479460461298,0.001107907727439422,-0.002593014764585183,-0.0022999759624035797,-0.001079279468081193,-0.0019027281634835527,-0.0006871657390329055
2018-06-15,0.00031154051602841354,0.006504329782581539,-0.009035708150438965,-0.009738355760883423,-0.0010595692764337873,-0.00555236176178616,-0.007782499161554733,0.0018848841961999424
2018-07-20,0.011782815039155074,0.006522511254559969,-0.0016960323530060704,-0.007575714355361764,-0.005447151016499614,-0.0009550917070034193,0.0005656262745041168,-0.0004474013092860114
2018-08-17,-2.8128597036469727e-05,-0.005726788919374812,0.009556608950108058,-0.002859991780602839,-0.004570782896753517,0.0021661225211358397,0.0033001401100173824,-0.00012200816738279537
2018-09-21,-0.010614643971230369,0.0005319605020028539,-0.014319513132987544,0.012210131860673427,0.008965640218415647,-0.0005659383056728402,0.0005537374386069132,-0.00046122277501481584
2018-10-19,-0.01788906221190351,0.003665066717666807,-0.010059475878340657,0.0073274791820576645,0.015141237191447407,-0.004469603031449485,-0.00705808007630473,-0.0016154297914418858
2018-11-16,-0.036697575640228575,-0.00794307652286021,-0.0035624934263827745,0.035306263502311544,0.023136600314327516,0.0029578821599184303,0.00503002626043919,-0.0019714505365127696
2018-12-21,0.03558136992399441,0.01518477641787962,0.0032415103913000787,-0.012859306426899392,-0.012479291150246631,0.0039970458042745015,-0.0005728089857836022,-0.0012121909367123153
2019-01-18,-0.001320521121579688,-0.0017675789779182524,0.002300175450622104,0.00223381763565843,0.003844520698255044,-0.002229523633068777,-0.00472109743717406,-0.0022098120850289706
2019-02-15,0.012440775354290149,0.006342637472715229,-0.000101638167780824,-0.01442121102925623,-0.006915177696979255,-0.001083843211113359,-0.002422245355655905,-0.0021322917011817916
2019-03-15,-0.0014431898606736212,0.001558716038096929,-0.0023953938270260115,0.014245174825528287,0.006028127318958053,-0.0009908333794391947,0.006275009703591233,-0.000545427967970958
2019-04-18,-0.0016282871335551608,-0.0021732022908646613,0.005224732671284583,-0.0039436905202161286,-0.003192954025394516,-0.0012185680717306678,-0.0010154802047094562,0.0028458504284180233
2019-05-17,-0.013318959158152574,-0.0010438487921850756,-0.01189407633663225,0.015949886406694654,0.01131376086743211,-0.0005021842198566301,-0.001169810709907324,-0.00016700486813043245
2019-06-21,0.0013180269678947517,0.005605378333580913,-0.004871273736256407,-0.009787592011868837,-0.0027778248247737063,-0.004326173468055553,-0.0065504183407974195,0.004598146049621748
2019-07-19,-0.021006275406849337,-0.011980016833990812,0.008299375245347853,0.002477215367790079,-0.0023642392084761523,0.0030642800685804104,0.005448937991219107,-0.006816212873750367
2019-08-16,-0.0018343819141641725,0.0032422232938078234,-0.007452896795215318,-0.006365059163826983,-0.0003207690165564418,-0.002805831653669011,-0.007222565510283457,0.0011300055961112956
2019-09-20,0.01600559876531991,0.004520946287119994,0.0037551556621300986,-0.009152871420404525,-0.0010379113505466376,-0.005371888841249281,-0.007245545580873732,0.0006669296096046455
2019-10-18,0.00717315246333601,-3.443492309725843e-05,0.005279197058734484,-0.00100552864681161,-0.005326685748811462,0.0035380613080315524,0.0035519170873168624,-0.000819129074013792
2019-11-15,0.0010773379404325969,-0.0015567049887843896,0.005480374979326734,-0.00869138756222371,-0.0032134938785440756,-0.0008745620649987832,-0.003827547685800353,0.001992215976634063
2019-12-20,0.005544776431762613,0.0005278898281238508,0.004292693196483422,-0.006170121188284713,-0.002504217010381864,-0.002815676213288447,-0.002070576091779047,0.0005475629687095061
2020-01-17,-0.01779260439273808,0.003636688628430013,-0.016760651495771717,0.0008261498032419477,0.006528477135583758,-0.005024167802760494,-0.006328531795485993,-0.0026171102726671377
2020-02-21,-0.05444466836929741,0.008926763399361866,-0.05569301655367785,0.06289005038095498,0.06898621697806066,-0.008366969148868463,-0.010757839906617184,-0.004037012983863475
2020-03-20,0.06251240406296263,-0.00326101321911416,0.058153980934220834,0.004182601859906921,-0.025678446526922867,0.012262363499318366,0.004443291625287151,-4.1722175395814705e-05
2020-04-17,0.056418831451845355,0.013610781992498553,0.00043710113920574075,-0.03766326936376793,-0.010855069238277502,-0.014088517036554752,-0.019126635729251662,0.008732476284031059
2020-05-15,-0.028702563571845648,-0.04023165784870635,0.05248183579343115,-0.0007337769377189689,-0.007343274298722158,-0.010198195469519123,0.013539114299220731,0.0033146697372996715
2020-06-19,0.017765458985553123,0.015560967720473301,-0.01115043023208063,-0.02974977617557696,-0.003597397436462925,-0.01396833512005338,-0.01838545394782792,0.0005069724707240238
2020-07-17,0.016844340387411415,0.010213233818836744,-0.004864054283968406,-0.010441327429471771,-0.0037430454261773265,-0.00402789890325244,-0.005316380096040783,0.0012427467140960506
2020-08-21,0.01194194080660469,-0.007049669481670484,0.015489488277551951,-0.004073658497947385,-0.011981306632666616,0.004412171791589004,0.01120738078936655,0.00015575260266009717
2020-09-18,0.0057156988621340134,0.006868721493227175,-0.005007022276484407,-0.01847950855702348,-0.003490108238787274,-0.009997761813968071,-0.015638928655557334,0.00016612460305471903
2020-10-16,-0.015175599801893811,-0.001264845059836516,-0.013830864014331251,0.014865266060217866,0.008748519317536032,0.003248569555354654,0.002673610933014657,-0.000757006910396507
2020-11-20,0.01052310104892729,-0.005895677704435307,0.014526657990524546,-0.004601103015902685,-0.009354102606379311,0.003768196233249735,0.004368229831215809,0.0003653585680415854
2020-12-18,0.012965067976345774,0.010566417010458186,-0.002503341390803922,-0.01914625497368921,-0.010347057822325733,-0.00722423817723,-0.005951477865494671,0.0007105845435340888
2021-01-15,-0.006630841995097231,-0.008067320294607896,0.009985775281122187,-0.011925627994125826,-0.0057827205840297975,-0.0027544534276617923,-0.004281263784667943,0.0015104210518563632
2021-02-19,0.013552490824090782,0.006804029719830025,-0.00692147199218953,0.0022517410389364233,0.005302424758309033,-0.006246684774378081,-0.005128786613580072,0.0011918924362105318
2021-03-19,-0.0007663920512259938,-0.007434089381797472,0.01440437648800551,-0.01999712648462865,-0.008019364398954553,-0.0007600608215820976,-0.005186277530719642,0.001526420381911099
2021-04-16,0.023030693650898756,0.005074114515432156,0.0005527441975916736,-0.011425372442137333,-0.007571638892058748,-0.003957114584223251,-0.006183981421212666,0.0014585762793289032
2021-05-21,0.014036362226065947,-0.0005327971627800725,0.005127260824703146,-0.010809016178932623,-0.0051406698471895655,-0.000388443544392474,-0.002838534485835233,-0.00024403810030128808
2021-06-18,-0.010122449935319367,-0.017997274304137098,0.023570742893828777,-0.0031527939258470432,-0.007830193173178705,0.0042906094587885305,0.0030900686746689024,-0.00169197573507973
2021-07-16,0.02096981478962605,0.006388833841421176,0.005233087102487451,-0.00597768823349534,-0.008403787046176614,0.00034107481421006376,0.0011303738482659682,-0.00039971676986292004
2021-08-20,0.010224921110115014,0.00034332522565452383,0.005017946762673324,-0.01226865530584671,-0.007876400900714915,-0.002075971280634403,-0.0028813878542887977,0.0011162092157590668
2021-09-17,0.013997536519359798,-0.00048767579507920893,0.008060190441449639,-0.005602822211526276,-0.005347457902414608,-0.00030358334674465004,-0.000278618180790334,0.0008457949406888802
2021-10-15,-0.0023502181015075184,-0.008780511079922318,0.014154692576943665,0.017493447705911762,0.0036757405807848554,-0.00028086046500736846,0.011163883957108833,0.001176499536850024
2021-11-19,0.008568392845653696,0.004263518543919548,-3.280934865004383e-05,0.0039504767141399205,-0.0007154505601739511,-0.0025037587257086998,0.00630776172712259,-0.001205752618845552
2021-12-17,-0.012425623047266155,-0.011367767067778041,0.01724140032389853,0.006352189151351107,-0.006817896400675527,0.00709447175684839,0.011799022697017063,-0.0013297600296400488
2022-01-21,0.02190425317761465,0.001885512834446039,0.01594596361651877,-0.012712046115355216,-0.004260414632849628,-0.0030908928396932316,-0.004315649732610327,0.00705841949656303
2022-02-18,-0.015374716927107889,-0.004281731479327195,0.0003361365299387835,0.039502952190930606,0.015934148049806363,0.0067120616336121455,0.01020635509177728,0.0011791876074895263
2022-03-18,0.022412512053241487,0.00508432865388866,0.001826324224691838,-0.00195868858648953,-0.00655925281990855,-6.755604952608701e-05,0.0008720580121836392,0.0020027657618185038
2022-04-14,-0.008418090145105729,0.00034235769713984336,-0.00011414050953602419,-0.009461849672855344,0.002730613483262132,-0.0076800389983770435,-0.009771513132817345,0.005232284383045975
2022-05-20,-0.05571657416930096,-0.047900110760617766,0.056450274803621,0.0440768530975444,-0.011340505816511344,0.02644986609987053,0.037130263398510985,-0.0017251992486244999
2022-06-17,0.005898718336992199,-0.0027910383857442066,0.00861440267954697,-0.02299098904487281,-0.01949360892902827,0.0019266281991879223,0.001534743214218528,0.0010861932950655465
2022-07-15,-0.010182108263203175,-0.01827565530573693,0.02731431467630039,-0.011357406256478979,-0.012373964980251156,0.0027520806159112834,-0.0033848638248455245,0.0014595328161846847
2022-08-19,-0.020125907466088187,0.0045816470516931735,-0.041454292786236385,0.007229780723093893,0.022928607013834406,-0.0074099318875872995,-0.00971225431692216,-0.0006388520812226925
2022-09-16,-0.02050323371064011,0.0053006030738682024,-0.011393842377692927,-0.001329124055519933,0.010366191758349422,-0.009765902021730203,-0.013131702659224625,-0.0006011845169733278
2022-10-21,-0.028601467098929453,-0.02316661950034497,0.02260148572136881,0.019258487621244276,0.0026118367725703863,0.010280432518446236,0.009879525382997119,-0.00045071259992057457
2022-11-18,0.016402001386732097,0.007313695735277958,0.0016807426892202347,-0.014038927049753954,-0.0059759235132372706,-0.006213261326017673,-0.009086148644909146,0.0005798674687589519
2022-12-16,0.03581202840829874,0.010717441919817007,0.0008288927593179978,-0.01213968766085396,-0.0040972866986872395,-0.006505228432736243,-0.011523389996010344,-0.0004889108097555581
2023-01-20,0.003455493054831866,0.001390647219919483,0.00021643784942338242,-0.005370067292464897,-0.011926016192072886,0.006218938316151034,0.00914808643120341,0.007212231506368146
2023-02-17,0.00044588929057540373,0.0035029147779805352,-0.0066606573152244095,0.020265554596811532,0.011775698122870177,0.0008310221321220743,0.0003797030522919958,0.00044270065657934176
2023-03-17,0.010992249411439756,0.006461706627332955,-0.001395224259882234,-0.020114555259041954,-0.009583330899303662,-0.006492648498176364,-0.01224513229906885,0.002498238626424456
2023-04-21,0.007691556149186566,0.005370163569283788,0.0008392940128229093,-0.0045526105189222146,-0.004492515623328276,0.001851064119128161,0.000751120140031213,-0.001139007823506836
2023-05-19,0.0010978814985272475,-0.0036649808406756493,0.00962341217148467,0.0024031574412239714,-0.0059716540816910565,0.000848356806495809,0.0091560437452005,0.0007593480858041439
2023-06-16,-0.010362905764649854,0.004453995983834844,-0.011264763689105632,0.006505658303800971,0.00605207884435379,-0.000482005694943713,-0.003567719829740119,0.0005815328813283705
2023-07-21,-0.012566472060713684,-0.004438034543137764,-0.007100679355031811,-0.0005753431114113192,-0.006879506940264837,0.002872188837085967,0.0059118931166499385,0.00023910324716358444
2023-08-18,-0.003916188947600545,0.0008510073830041801,-0.0033122134350149425,-0.010578540356821148,-0.004919185902131372,-0.0022924659207168734,-0.003990174368743086,0.003461575457615778
2023-09-15,0.004372383650836069,0.005214287050763145,-0.007075911197862122,-0.002827725129810744,0.006052219953853404,-0.006278411505127908,-0.008525861183979315,0.00025313767603738234
2023-10-20,-0.01794392987314798,-0.0002488999017610913,-0.010921614729522262,0.006070843988173874,0.011609604533671169,-0.0008539270615255227,-0.007880433418764383,-0.00161939949329081
2023-11-17,0.008724244064410682,0.0037810766488265944,0.0011663331805155613,-0.0057319832336104005,-0.005631793194876402,-0.0014966356063939165,0.0014227828504778444,0.0006572742636860348
2023-12-15,0.017712188076081686,0.002297120169106056,0.006057677316398592,-0.0021112378111756407,-0.006225951684657368,-0.0004228728037867695,0.0011592223758400651,-0.0006778927522744052
2024-01-19,-0.008394429043495329,-0.0063216349489565475,0.006349326318865874,0.0025298555522009266,-0.002489451541114249,0.0022950937967146745,0.004191047073742375,-0.0007046542152818292
2024-02-16,0.010745933442675975,0.008399418912789901,-0.00172402656996483,-0.0032425706429962302,-0.002748521810560953,0.00027085124123480634,-0.0019056579953413456,0.0028454846750763244
2024-03-15,-0.002741414278850425,-0.0074525197413540445,0.011786852704880993,0.006798959702233551,-0.0047881167256118495,0.005437831151877763,0.0069021432391598355,0.0010935588528630323
2024-04-19,0.006590122182478895,-0.0006064955147005385,0.00917326379723684,-0.007316023426342756,-0.009236906152718119,0.0025784008152291643,-0.0008857848134952365,0.003421602886141045
2024-05-17,0.0006357120205741375,0.0028098564458300824,-0.0016926981432845351,-0.00032954951711313335,-0.0017172545079037081,-0.0016605029970137403,-2.663772176299244e-05,-0.003148776524142595
2024-06-21,-0.005440375142256962,-0.0032573815396775025,0.0031706026472959202,0.010672859378355206,-0.0016933116923610215,0.0033103729997454212,0.008885401051939116,-0.004415780097162584
2024-07-19,-0.0013411974444785155,0.0007153159530980047,-0.00815040472542448,0.007319412527920329,0.009478208769140416,-0.005957333797340747,-0.007010155768384226,-0.002688795017734403
2024-08-16,-0.013472857970078942,-0.005642100149427192,0.003373202231833711,0.0005735585962294136,-0.0012860054214975099,0.0007067541416777531,0.001036490872896393,0.000946519980581943
2024-09-20,0.007253919850971084,0.004710647844157764,-0.0017675228778314778,-0.01259725288853643,-0.008282508481714992,0.00020925164694781415,-0.001119564162281109,0.0004438519751073327
2024-10-18,-0.01643361139205983,-0.004339831593812909,-0.005610928377596894,0.004777468428634224,-0.0010104928025986301,-0.002080946959520574,0.0029421687773542944,-0.009786212459750008
2024-11-15,0.012532665206144098,-0.001447986741950852,0.005226852161654038,0.009048686464854284,-0.0033249789192985046,0.001066518995035789,0.01243125176369457,0.003962275514199165
2024-12-20,0.015720597775547532,0.008148065778544638,-0.00239269981269422,-0.01777188238100847,-0.005326553690834204,-0.004838743761860067,-0.007403598187277326,-0.00013234839374688453
2025-01-17,-0.0033798748276717963,0.0025178390481780514,-0.0022622538236433173,0.01626613919059909,0.0024361077006394044,0.0027197911237982334,0.007134543038000819,-0.008921830481067533
2025-02-21,-0.022888006245148137,-0.0035135501538721145,-0.016247644267366034,0.007903660433831509,0.005616015495961649,-0.0019382305056939368,-0.0016876345456221607,0.0008219352045019623
2025-03-21,-0.028925582939807792,-0.0030722187451935608,-0.025066338817466283,0.047439675800087976,0.03958007590172195,0.004139235494219116,0.01046499498872715,-0.001542075836236123
2025-04-17,-0.000839525569607038,-0.01795668281973584,0.034451961307970805,0.003871602904383093,-0.014182009196683183,0.0124845573302001,0.01456562377704226,-0.0014903354195763823
2025-05-16,0.0036517780131364707,0.011523486911143408,-0.015953443735014648,-0.016090355474913026,-5.2847143603488805e-05,-0.010267227305523003,-0.013237268228302478,0.0005929585290646646
2025-06-20,-0.006096684727336745,-0.01122946226331708,0.017071294110247864,-0.006355148455507122,-0.010982074932918185,0.002972242484498187,0.003687559886746574,0.0003992066870548297
2025-07-18,-0.010314788324666209,-0.006768924423669697,0.005774248250258388,0.0025159557442134247,0.000517018123016227,0.0005737994868155802,3.4581590017769486e-06,-8.14741155791562e-05
2025-08-15,0.01021419386173063,0.005084498747661943,0.0008106720736506395,-0.0030682117016955744,-0.0033307394142542035,-0.00017270892448432277,0.00246292605150328,0.0006602980180110317
2025-09-19,0.006918143156094477,0.0015237262653528014,5.638509522913955e-05,-0.006471278922548285,-0.0038910507699893787,-0.001897807854274055,0.001358634879504796,0.00023767704723868518
2025-10-17,0.021416307685182198,0.0017575170426390831,0.006404802995494334,-0.01661407524052134,-0.019125414655778907,0.0018370323400788474,0.001517895382108516,0.003881976838665083
2025-11-21,0.009901396365437423,0.004664911525557865,-0.0003302438989270013,-0.006541148073314224,-0.014204387323702104,0.010082275038646418,0.009115223746649921,0.0009654504126789979
2025-12-19,0.006420773057735059,0.006289602518799831,-0.002343814600593876,-0.003277231376238167,-0.003798227623602841,-0.0001521479766283883,0.002810473797419225,0.00011502111433423125
2026-01-16,0.005659570211817976,0.002775933431697893,0.004116822208985221,-0.0010770159188276157,-0.002706800845108577,0.0005078239389935043,0.0009003131556075532,-0.008602999801090918
2026-02-20,0.011018726171274902,0.0021026959272783716,0.011654299994776957,-0.021730820780120324,-0.011475554025538964,-0.00369239502710104,-0.0036725022358413554,0.0018797170511428267
2026-03-20,0.0057842280277155805,0.006469435913472087,-0.0037424957280680535,0.0181301571936151,0.012190048833444132,-0.0018848824211367173,0.0011858916884924984,0.0006654801141519565
2026-04-17,0.0020735153224754614,3.4937957374961115e-05,0.003309683502857573,-0.0018249876467962749,-0.00822012841190293,-0.004918444797534379,0.00650556451438705,-0.005445203956511803
2026-05-15,0.00517739908946678,-0.0022585133631970967,0.006264680631087162,0.01185190873112192,-0.003712901533522643,0.005209410696545965,0.0116201857763991,-0.0025605144857019186
2026-06-18,0.0047681743206183895,0.007148422964268597,-0.013066193472637096,-7.113657631375826e-05,0.0030786228357515067,-0.003995822715427028,-0.006091098581147846,0.0016387374443318694
2026-07-17,0.0008439386536395178,0.0055842572832676815,-0.005399030493442202,-0.022290069035417283,-0.0027119952439221087,-0.006355918642767472,-0.012673106391790322,0.010656041853858857
2026-08-21,0.019274188013141742,0.0014735092479108134,0.0059390676643059125,-0.011372935625950573,-0.007128254603109439,-0.0005456242751299869,-0.00025875498489418534,0.0018319887674506754
2026-09-18,0.003030941814363934,-0.0011159660092607373,0.004278917310485849,-0.010501180104706204,-0.010538854167356738,0.000961583336488693,0.0016884257519440725,0.00043774844274530186
