book,signal,q,ann,sharpe,n
two-wing straddle dispersion,cor1m,1,0.009249842456025798,0.25935786458203935,59
two-wing straddle dispersion,cor1m,2,-0.014978217371967265,-0.45588044969253694,59
two-wing straddle dispersion,cor1m,3,0.03813672959710217,0.5696654216004395,59
two-wing straddle dispersion,cor1m,4,-0.03928818630433153,-0.5284771511719906,59
two-wing straddle dispersion,cor3m,1,0.0010605416784551969,0.029130183032854494,59
two-wing straddle dispersion,cor3m,2,0.03773371267489307,0.6306018184077916,59
two-wing straddle dispersion,cor3m,3,-0.022431758252820518,-0.4691975848664849,59
two-wing straddle dispersion,cor3m,4,-0.02324232772369857,-0.32109780512950575,59
two-wing straddle dispersion,bcor,1,0.0103528221468255,0.3025122705604784,59
two-wing straddle dispersion,bcor,2,0.01900393117013633,0.27953465552890217,59
two-wing straddle dispersion,bcor,3,-0.05599231342818503,-0.9780610497899984,59
two-wing straddle dispersion,bcor,4,0.019755728488052366,0.347534333553327,59
two-wing straddle dispersion,cor1m_p,1,0.020420034428394386,0.6447714675028248,59
two-wing straddle dispersion,cor1m_p,2,-0.02919355745567804,-0.7746634214013032,59
two-wing straddle dispersion,cor1m_p,3,0.007602912909508134,0.12008033796108247,59
two-wing straddle dispersion,cor1m_p,4,-0.005709221505395299,-0.0731404969897008,59
two-wing straddle dispersion,bcor_p,1,0.004157430321811952,0.10573628398079296,59
two-wing straddle dispersion,bcor_p,2,0.021699277071377285,0.35727508506073435,59
two-wing straddle dispersion,bcor_p,3,-0.04718068428440491,-0.7531938510087969,59
two-wing straddle dispersion,bcor_p,4,0.014444145268044838,0.2539948612671784,59
two-wing straddle dispersion,corr_prem,1,-0.0026848254531844445,-0.038755551926407776,59
two-wing straddle dispersion,corr_prem,2,-0.02501423246079379,-0.545934910108457,59
two-wing straddle dispersion,corr_prem,3,-0.00257937729252391,-0.03909670694174467,59
two-wing straddle dispersion,corr_prem,4,0.023398603583331307,0.6518263400562595,59
two-wing straddle dispersion,cor_prem_cboe,1,0.007608530825047,0.14985106081624028,59
two-wing straddle dispersion,cor_prem_cboe,2,-0.01037533611788337,-0.2755597164914362,59
two-wing straddle dispersion,cor_prem_cboe,3,0.011418749152687561,0.17445957286295646,59
two-wing straddle dispersion,cor_prem_cboe,4,-0.015531775483022014,-0.23644003446880804,59
two-wing straddle dispersion,rcor21,1,0.003647102420235555,0.10945305520741946,59
two-wing straddle dispersion,rcor21,2,0.017088028677865692,0.2568210451531256,59
two-wing straddle dispersion,rcor21,3,-0.030266683915445274,-0.7345712872373664,59
two-wing straddle dispersion,rcor21,4,0.0026517211941731954,0.03642042743470807,59
two-wing straddle dispersion,vix,1,0.006284712878464631,0.23507363473142986,59
two-wing straddle dispersion,vix,2,-7.963651592789678e-05,-0.0024343951725358773,59
two-wing straddle dispersion,vix,3,-0.011180654663192804,-0.16503327253361894,59
two-wing straddle dispersion,vix,4,-0.0019042533225147678,-0.024084360580117186,59
two-wing straddle dispersion,vix_p,1,-0.010302509258722144,-0.2986292472891491,59
two-wing straddle dispersion,vix_p,2,0.004647808869611174,0.13712981097549384,59
two-wing straddle dispersion,vix_p,3,0.027760350862601098,0.42322408286003627,59
two-wing straddle dispersion,vix_p,4,-0.02898548209666097,-0.37891519938915436,59
two-wing straddle dispersion,spy_iv,1,0.0013535152526220956,0.0474088760440688,59
two-wing straddle dispersion,spy_iv,2,0.001265922047363463,0.034177940162735565,59
two-wing straddle dispersion,spy_iv,3,-0.010693212125020732,-0.16306880210634167,59
two-wing straddle dispersion,spy_iv,4,0.001193943201864352,0.015233022330347065,59
two-wing straddle dispersion,vol_spread,1,0.007873413707526216,0.22089935325752472,59
two-wing straddle dispersion,vol_spread,2,-0.015167397697638845,-0.3864749061724952,59
two-wing straddle dispersion,vol_spread,3,0.006148382791609426,0.14449893026630328,59
two-wing straddle dispersion,vol_spread,4,-0.0057342304246676265,-0.06415660330093124,59
two-wing straddle dispersion,vol_spread_p,1,-0.01430801186261646,-0.34294487125855044,59
two-wing straddle dispersion,vol_spread_p,2,0.008272482599708027,0.2022339946450603,59
two-wing straddle dispersion,vol_spread_p,3,0.0011799304005308347,0.03437300712465819,59
two-wing straddle dispersion,vol_spread_p,4,-0.0020242327607932443,-0.02259706147660475,59
two-wing straddle dispersion,idx_vrp,1,0.009050101544740655,0.10506448103059102,59
two-wing straddle dispersion,idx_vrp,2,-0.0046040390596983165,-0.12265467044801123,59
two-wing straddle dispersion,idx_vrp,3,0.0028851578377628905,0.07172749487635355,59
two-wing straddle dispersion,idx_vrp,4,-0.01421105194597607,-0.30527928073963023,59
two-wing straddle dispersion,sn_vrp,1,0.034590474602035924,0.4071835478976512,59
two-wing straddle dispersion,sn_vrp,2,-0.00017561934397914387,-0.005677406617796776,59
two-wing straddle dispersion,sn_vrp,3,-0.0008403163764711258,-0.021902568070866508,59
two-wing straddle dispersion,sn_vrp,4,-0.04045437050475649,-0.770771415722232,59
put-wing dispersion,cor1m,1,-0.02322561412612029,-1.0681234901229983,59
put-wing dispersion,cor1m,2,-0.017943668724736885,-0.6784530481350308,59
put-wing dispersion,cor1m,3,0.02631850549259962,0.7633773910585863,59
put-wing dispersion,cor1m,4,0.02419324150835915,0.5006249255398252,59
put-wing dispersion,cor3m,1,-0.024473142203850894,-1.0774453231133585,59
put-wing dispersion,cor3m,2,0.0146754540190912,0.4410341693562664,59
put-wing dispersion,cor3m,3,0.005387228185425294,0.1475201540526949,59
put-wing dispersion,cor3m,4,0.013752924149436001,0.32119276418437226,59
put-wing dispersion,bcor,1,-0.03103883065792094,-1.3694192284968472,59
put-wing dispersion,bcor,2,0.0007709641757344884,0.023162574921386958,59
put-wing dispersion,bcor,3,0.008553398125765688,0.20747402852271335,59
put-wing dispersion,bcor,4,0.031056932506522365,0.8339781918449963,59
put-wing dispersion,cor1m_p,1,-0.016635574603482164,-0.7608383488819876,59
put-wing dispersion,cor1m_p,2,-0.018329934500802777,-0.7715841034569898,59
put-wing dispersion,cor1m_p,3,0.009006015653071632,0.27209437839060113,59
put-wing dispersion,cor1m_p,4,0.0353019576013149,0.6956441762104734,59
put-wing dispersion,bcor_p,1,-0.021921398301194713,-0.8850627270677779,59
put-wing dispersion,bcor_p,2,-0.023735373754312034,-0.8060407212582912,59
put-wing dispersion,bcor_p,3,0.0058254267992201665,0.18165662162983642,59
put-wing dispersion,bcor_p,4,0.04917380940638817,1.0801857340521759,59
put-wing dispersion,corr_prem,1,0.007798753700628465,0.177530880109658,59
put-wing dispersion,corr_prem,2,-0.009731976317901242,-0.2794984074185711,59
put-wing dispersion,corr_prem,3,-0.02042835931306386,-0.6246431720357523,59
put-wing dispersion,corr_prem,4,0.03170404608043823,1.374255247788714,59
put-wing dispersion,cor_prem_cboe,1,0.016382722357681234,0.39937091104698985,59
put-wing dispersion,cor_prem_cboe,2,-0.006388560691329542,-0.24208258994180343,59
put-wing dispersion,cor_prem_cboe,3,-0.012000669898573232,-0.3566290433221758,59
put-wing dispersion,cor_prem_cboe,4,0.011348972382323137,0.3127454106358772,59
put-wing dispersion,rcor21,1,-0.013988195857123627,-0.6189387671239142,59
put-wing dispersion,rcor21,2,-0.007100396618848514,-0.22500588501856,59
put-wing dispersion,rcor21,3,0.01656240694422533,0.436913035709831,59
put-wing dispersion,rcor21,4,0.01386864968184841,0.32039461228714994,59
put-wing dispersion,vix,1,-0.017544898711808622,-0.9085197742768073,59
put-wing dispersion,vix,2,0.0013540748515122314,0.05447400432870009,59
put-wing dispersion,vix,3,0.004872080797583809,0.13631826305568195,59
put-wing dispersion,vix,4,0.02066120721281418,0.40955090779754766,59
put-wing dispersion,vix_p,1,-0.022694873846713284,-1.1047795606905753,59
put-wing dispersion,vix_p,2,0.0012131236596500737,0.04637395696642595,59
put-wing dispersion,vix_p,3,0.0017502417911818562,0.05302460660929977,59
put-wing dispersion,vix_p,4,0.029073972545982943,0.573936673303069,59
put-wing dispersion,spy_iv,1,-0.01636236557319661,-0.8385802089080077,59
put-wing dispersion,spy_iv,2,-0.007301117078678053,-0.30967057408227533,59
put-wing dispersion,spy_iv,3,0.015310389013744508,0.42512623436499875,59
put-wing dispersion,spy_iv,4,0.017695557788231755,0.34902536808829315,59
put-wing dispersion,vol_spread,1,0.014201386729150854,0.5937284705171497,59
put-wing dispersion,vol_spread,2,0.004981301866653151,0.19340327611490862,59
put-wing dispersion,vol_spread,3,0.003072081878990232,0.0731859721286026,59
put-wing dispersion,vol_spread,4,-0.012912306324692644,-0.30052566483812887,59
put-wing dispersion,vol_spread_p,1,-0.0031628159625240893,-0.12697242710880796,59
put-wing dispersion,vol_spread_p,2,0.03470431934528343,0.914258115735541,59
put-wing dispersion,vol_spread_p,3,-0.014431123268948836,-0.5357470088818264,59
put-wing dispersion,vol_spread_p,4,-0.007767915963708905,-0.17523405509310822,59
put-wing dispersion,idx_vrp,1,0.029930351286719246,0.6620203022992357,59
put-wing dispersion,idx_vrp,2,-0.007516377012517853,-0.23022468177387673,59
put-wing dispersion,idx_vrp,3,-0.0019105400746963403,-0.06507180075093191,59
put-wing dispersion,idx_vrp,4,-0.011160970049403456,-0.3911517383137206,59
put-wing dispersion,sn_vrp,1,0.03089500177751009,0.6526493407329704,59
put-wing dispersion,sn_vrp,2,0.013192124775315402,0.516243915563694,59
put-wing dispersion,sn_vrp,3,-0.009284486404368518,-0.4084739582700356,59
put-wing dispersion,sn_vrp,4,-0.02546017599835538,-0.7036381896694668,59
call dispersion (verticals),cor1m,1,0.0009149009641918817,0.06011206101237067,59
call dispersion (verticals),cor1m,2,0.0031712190515408734,0.1758262979288184,59
call dispersion (verticals),cor1m,3,-0.00567029540047433,-0.25191501257473137,59
call dispersion (verticals),cor1m,4,-0.04419190234251689,-1.27517055999428,59
call dispersion (verticals),cor3m,1,0.002530756788230229,0.1659177159314046,59
call dispersion (verticals),cor3m,2,0.003623805792052644,0.16969985110103306,59
call dispersion (verticals),cor3m,3,-0.018968677457054703,-0.8889053327431982,59
call dispersion (verticals),cor3m,4,-0.03296196285048664,-0.9655023851573147,59
call dispersion (verticals),bcor,1,0.008733125841217711,0.5307235461114521,59
call dispersion (verticals),bcor,2,-0.0016139019434612471,-0.07162237332281292,59
call dispersion (verticals),bcor,3,-0.029800269393295064,-1.2285702600481057,59
call dispersion (verticals),bcor,4,-0.02309503223171987,-0.7533816032958198,59
call dispersion (verticals),cor1m_p,1,0.0034770875121083304,0.2447315343002173,59
call dispersion (verticals),cor1m_p,2,-0.012266716082902597,-0.7850477882003868,59
call dispersion (verticals),cor1m_p,3,-0.00044324575291643123,-0.0193169577215307,59
call dispersion (verticals),cor1m_p,4,-0.03654320340354777,-1.0004235509352775,59
call dispersion (verticals),bcor_p,1,-0.0006869680140149055,-0.04168844962350525,59
call dispersion (verticals),bcor_p,2,0.009234558876806449,0.5090515163929872,59
call dispersion (verticals),bcor_p,3,-0.026298990813126415,-1.013067423234501,59
call dispersion (verticals),bcor_p,4,-0.028024677776923596,-0.8745805386939578,59
call dispersion (verticals),corr_prem,1,-0.019091366433998492,-0.6715586843140063,59
call dispersion (verticals),corr_prem,2,-0.015391621345600584,-0.5300618284371277,59
call dispersion (verticals),corr_prem,3,0.003023175390069726,0.13846412212537898,59
call dispersion (verticals),corr_prem,4,-0.01431626533772912,-0.9306824760998169,59
call dispersion (verticals),cor_prem_cboe,1,-0.011493222228287775,-0.48652126525726513,59
call dispersion (verticals),cor_prem_cboe,2,-0.007567412226347684,-0.4686156500059992,59
call dispersion (verticals),cor_prem_cboe,3,0.0019990677957102223,0.08176434814550612,59
call dispersion (verticals),cor_prem_cboe,4,-0.02871451106833323,-0.9411160795924947,59
call dispersion (verticals),rcor21,1,0.00024333002225599304,0.013468451778454108,59
call dispersion (verticals),rcor21,2,-0.0006842897108015518,-0.03588526051701422,59
call dispersion (verticals),rcor21,3,-0.02211715248186628,-0.7991647948973424,59
call dispersion (verticals),rcor21,4,-0.02321796555684662,-0.7779846719594483,59
call dispersion (verticals),vix,1,0.001089862383183619,0.08812698771442089,59
call dispersion (verticals),vix,2,-0.005420085707738819,-0.33890925909988917,59
call dispersion (verticals),vix,3,-0.01514460189434278,-0.6842926502479835,59
call dispersion (verticals),vix,4,-0.02630125250836049,-0.68960987569666,59
call dispersion (verticals),vix_p,1,0.0006647796524185321,0.049227906791283624,59
call dispersion (verticals),vix_p,2,-0.012218021517777285,-0.7515303981540986,59
call dispersion (verticals),vix_p,3,0.005113242458441875,0.23920181714079125,59
call dispersion (verticals),vix_p,4,-0.0393360783203416,-1.057315556046727,59
call dispersion (verticals),spy_iv,1,-0.0004496745561804032,-0.03413394953603856,59
call dispersion (verticals),spy_iv,2,-0.009527875547786273,-0.5821764967858596,59
call dispersion (verticals),spy_iv,3,-0.013317553196908668,-0.6162388547970173,59
call dispersion (verticals),spy_iv,4,-0.022480974426383124,-0.5883971614299178,59
call dispersion (verticals),vol_spread,1,-0.01330127734180159,-0.7520958446172992,59
call dispersion (verticals),vol_spread,2,-0.015608261832484349,-0.9569733683198894,59
call dispersion (verticals),vol_spread,3,-0.01061306799581672,-0.36190714038211225,59
call dispersion (verticals),vol_spread,4,-0.00625347055715581,-0.20326236274913587,59
call dispersion (verticals),vol_spread_p,1,-0.019480862581651798,-1.161960979135422,59
call dispersion (verticals),vol_spread_p,2,-0.014181639706745866,-0.7224985447674729,59
call dispersion (verticals),vol_spread_p,3,0.0052090870071225355,0.3422320764101317,59
call dispersion (verticals),vol_spread_p,4,-0.01732266244598334,-0.4535399748762049,59
call dispersion (verticals),idx_vrp,1,-0.021908971416337217,-0.697930476697986,59
call dispersion (verticals),idx_vrp,2,-0.010692692408527616,-0.4049778175362551,59
call dispersion (verticals),idx_vrp,3,-0.006951340036348013,-0.4121018658472532,59
call dispersion (verticals),idx_vrp,4,-0.00622307386604562,-0.3077216782867123,59
call dispersion (verticals),sn_vrp,1,-0.010636306969916819,-0.2977711158889529,59
call dispersion (verticals),sn_vrp,2,-0.011684119181929622,-0.781378506904575,59
call dispersion (verticals),sn_vrp,3,-0.01284089261972929,-0.7766364658152717,59
call dispersion (verticals),sn_vrp,4,-0.010614758955682722,-0.427596466292768,59
call dispersion (outright 30d),cor1m,1,0.019538162441814277,1.1396159173862306,59
call dispersion (outright 30d),cor1m,2,-0.0008096206393021243,-0.03987036992277442,59
call dispersion (outright 30d),cor1m,3,-0.006848352703237382,-0.27264810689577496,59
call dispersion (outright 30d),cor1m,4,-0.05932871204127595,-1.9387560556459533,59
call dispersion (outright 30d),cor3m,1,0.0189674326607624,1.010860238964355,59
call dispersion (outright 30d),cor3m,2,0.006896811095755575,0.27913168606112027,59
call dispersion (outright 30d),cor3m,3,-0.02310603650528941,-1.1587341608398334,59
call dispersion (outright 30d),cor3m,4,-0.05020673019322973,-1.624868439995724,59
call dispersion (outright 30d),bcor,1,0.024709869783377202,1.3570654403903866,59
call dispersion (outright 30d),bcor,2,-0.0012638056910527448,-0.04749026811327905,59
call dispersion (outright 30d),bcor,3,-0.03847458488942997,-1.4673276233011532,59
call dispersion (outright 30d),bcor,4,-0.03242000214489565,-1.3076551235489244,59
call dispersion (outright 30d),cor1m_p,1,0.014335877354165413,1.0036142710228857,59
call dispersion (outright 30d),cor1m_p,2,-0.005372692788211003,-0.27902177812059853,59
call dispersion (outright 30d),cor1m_p,3,-0.008708346344806472,-0.32039453558382897,59
call dispersion (outright 30d),cor1m_p,4,-0.04770336116314911,-1.4545045140353485,59
call dispersion (outright 30d),bcor_p,1,0.007870897615230445,0.44601249200344595,59
call dispersion (outright 30d),bcor_p,2,0.01780414609882789,0.7920144401792215,59
call dispersion (outright 30d),bcor_p,3,-0.03890681462031146,-1.302644669541474,59
call dispersion (outright 30d),bcor_p,4,-0.03421675203574803,-1.3526480628698765,59
call dispersion (outright 30d),corr_prem,1,-0.025875857699607957,-0.8406749000448877,59
call dispersion (outright 30d),corr_prem,2,-0.012591066797654163,-0.5351412670343693,59
call dispersion (outright 30d),corr_prem,3,0.003970302047067355,0.1603861645052028,59
call dispersion (outright 30d),corr_prem,4,-0.012951900491806412,-0.6405276790259561,59
call dispersion (outright 30d),cor_prem_cboe,1,-0.009589637093722082,-0.4046022935874238,59
call dispersion (outright 30d),cor_prem_cboe,2,-0.005791550483878648,-0.3074013440174232,59
call dispersion (outright 30d),cor_prem_cboe,3,-0.0015819253218303107,-0.05655169826223714,59
call dispersion (outright 30d),cor_prem_cboe,4,-0.030485410042570125,-1.064875455994214,59
call dispersion (outright 30d),rcor21,1,0.010205227200119403,0.5147072032016926,59
call dispersion (outright 30d),rcor21,2,0.006262827126752182,0.25645622907544746,59
call dispersion (outright 30d),rcor21,3,-0.023250106855228096,-1.030206976805573,59
call dispersion (outright 30d),rcor21,4,-0.04066647041364467,-1.347025890754036,59
call dispersion (outright 30d),vix,1,0.009685311084187966,0.6813510053692107,59
call dispersion (outright 30d),vix,2,-0.0005715782326920787,-0.035231549518893304,59
call dispersion (outright 30d),vix,3,-0.01535082734793383,-0.5483929321471033,59
call dispersion (outright 30d),vix,4,-0.04121142844556324,-1.1958423623994174,59
call dispersion (outright 30d),vix_p,1,0.0013085043254144988,0.08978275307989074,59
call dispersion (outright 30d),vix_p,2,-0.004383424886099625,-0.22136584258725536,59
call dispersion (outright 30d),vix_p,3,0.005242190911573534,0.2051581049351092,59
call dispersion (outright 30d),vix_p,4,-0.04961579329288959,-1.4706466389021264,59
call dispersion (outright 30d),spy_iv,1,0.005818239930290477,0.4119150722161097,59
call dispersion (outright 30d),spy_iv,2,0.005492890312642818,0.3066995260598545,59
call dispersion (outright 30d),spy_iv,3,-0.02122968927776898,-0.7826937915185976,59
call dispersion (outright 30d),spy_iv,4,-0.03752996390716549,-1.0882102211432707,59
call dispersion (outright 30d),vol_spread,1,-0.022712065279726558,-1.1922570332181208,59
call dispersion (outright 30d),vol_spread,2,-0.013446178799524075,-0.7310891386961312,59
call dispersion (outright 30d),vol_spread,3,-0.006552060500428388,-0.3198615114392584,59
call dispersion (outright 30d),vol_spread,4,-0.004738218362322166,-0.1256037574204089,59
call dispersion (outright 30d),vol_spread_p,1,-0.032661988467795076,-1.775327337921185,59
call dispersion (outright 30d),vol_spread_p,2,-0.008036685005391314,-0.41649349158107124,59
call dispersion (outright 30d),vol_spread_p,3,0.0063205617056558,0.3526416898798589,59
call dispersion (outright 30d),vol_spread_p,4,-0.013070411174470588,-0.34176759635885684,59
call dispersion (outright 30d),idx_vrp,1,-0.026281890976976578,-0.7393008612238424,59
call dispersion (outright 30d),idx_vrp,2,-0.00962954566519813,-0.496852952156207,59
call dispersion (outright 30d),idx_vrp,3,-0.002202267902249381,-0.11192263430979066,59
call dispersion (outright 30d),idx_vrp,4,-0.009334818397577088,-0.414319364715977,59
call dispersion (outright 30d),sn_vrp,1,-0.010531025366074608,-0.31043277773852795,59
call dispersion (outright 30d),sn_vrp,2,-0.006222349469284371,-0.38699378896591435,59
call dispersion (outright 30d),sn_vrp,3,-0.013330453296830505,-0.6305829236072475,59
call dispersion (outright 30d),sn_vrp,4,-0.017364694809811693,-0.6568549232851658,59
short idx straddle,cor1m,1,0.01716787385119327,0.41461253142340837,59
short idx straddle,cor1m,2,0.0051653304453714325,0.10527952704759876,59
short idx straddle,cor1m,3,0.008090640625149805,0.12734113469535147,59
short idx straddle,cor1m,4,0.05718663976339764,0.7685084751573394,59
short idx straddle,cor3m,1,0.007178531426420203,0.1757163538800624,59
short idx straddle,cor3m,2,0.005150255344340621,0.10177931062981296,59
short idx straddle,cor3m,3,-0.0014167500902092852,-0.020822546131163636,59
short idx straddle,cor3m,4,0.0766984480045606,1.1258096997157379,59
short idx straddle,bcor,1,0.012772065083642424,0.28891442492789843,59
short idx straddle,bcor,2,0.01042477068725441,0.1750385288886339,59
short idx straddle,bcor,3,-0.02873743345069727,-0.471574103893548,59
short idx straddle,bcor,4,0.0931510823649126,1.4798642759251648,59
short idx straddle,cor1m_p,1,0.023834957861771013,0.5649219436665451,59
short idx straddle,cor1m_p,2,-0.002277601034995033,-0.046504435976166346,59
short idx straddle,cor1m_p,3,0.02822546102578121,0.5199771361328552,59
short idx straddle,cor1m_p,4,0.03782766683255498,0.46411975403074285,59
short idx straddle,bcor_p,1,0.02558408421211747,0.49516230016298696,59
short idx straddle,bcor_p,2,0.01306072671143087,0.2905225859166194,59
short idx straddle,bcor_p,3,0.0031334958084738955,0.052674604625901476,59
short idx straddle,bcor_p,4,0.045832177953089914,0.6164669236764893,59
short idx straddle,corr_prem,1,0.0196463914829626,0.25949643263799776,59
short idx straddle,corr_prem,2,0.009537015671304511,0.16347154638380998,59
short idx straddle,corr_prem,3,0.0010058533848247555,0.017487626443513333,59
short idx straddle,corr_prem,4,0.0574212241460203,1.6294923780122073,59
short idx straddle,cor_prem_cboe,1,0.0009467927569686136,0.013854035679518147,59
short idx straddle,cor_prem_cboe,2,-0.004431211677759699,-0.0742634056593285,59
short idx straddle,cor_prem_cboe,3,0.0579271266546399,1.4193759343807804,59
short idx straddle,cor_prem_cboe,4,0.03316777695126336,0.5430897605858346,59
short idx straddle,rcor21,1,0.03020558015884853,0.7559461129288789,59
short idx straddle,rcor21,2,0.014676343316611998,0.29357671952144876,59
short idx straddle,rcor21,3,-0.014838633475764425,-0.2727953182412015,59
short idx straddle,rcor21,4,0.05756719468541605,0.7109792744262502,59
short idx straddle,vix,1,0.00836653157193554,0.22581689938187013,59
short idx straddle,vix,2,0.009450722554025189,0.19768630754174868,59
short idx straddle,vix,3,-0.006231017116710341,-0.10993161116694943,59
short idx straddle,vix,4,0.07602424767586177,0.9338125781742623,59
short idx straddle,vix_p,1,0.018776924288347388,0.4171998930988572,59
short idx straddle,vix_p,2,0.01638901815282175,0.38648401952328726,59
short idx straddle,vix_p,3,0.05484787686683347,1.0644654051408549,59
short idx straddle,vix_p,4,-0.0024033346228904545,-0.028286826584050948,59
short idx straddle,spy_iv,1,0.0020978790133386366,0.05288517627126442,59
short idx straddle,spy_iv,2,0.017908593240928982,0.36536826516177684,59
short idx straddle,spy_iv,3,-0.01271602312625029,-0.23913432687801128,59
short idx straddle,spy_iv,4,0.08032003555709483,0.9876358967272625,59
short idx straddle,vol_spread,1,0.05251368206689873,1.2918777744196084,59
short idx straddle,vol_spread,2,-0.0005098541550680528,-0.008928568389271788,59
short idx straddle,vol_spread,3,0.015445799466919909,0.2399172936493338,59
short idx straddle,vol_spread,4,0.020160857306361562,0.29535844807430794,59
short idx straddle,vol_spread_p,1,0.03242576757479396,0.743174532136928,59
short idx straddle,vol_spread_p,2,-0.002298065901729979,-0.03730090479437571,59
short idx straddle,vol_spread_p,3,0.029405163701058876,0.5280111629845483,59
short idx straddle,vol_spread_p,4,0.02807761931098931,0.3980659056321997,59
short idx straddle,idx_vrp,1,0.007830898035327946,0.10300182583930267,59
short idx straddle,idx_vrp,2,0.035183299155677174,0.6818411601407165,59
short idx straddle,idx_vrp,3,0.011251105389599473,0.22233080160144142,59
short idx straddle,idx_vrp,4,0.03334518210450757,0.6316335816861182,59
short idx straddle,sn_vrp,1,0.0378967893533393,0.48881796029215135,59
short idx straddle,sn_vrp,2,0.0027910311706089617,0.0639531763667028,59
short idx straddle,sn_vrp,3,0.03990459035694373,0.8891736375227398,59
short idx straddle,sn_vrp,4,0.0070180738042201615,0.11362491780576588,59
short idx put25,cor1m,1,0.0012906124615635034,0.04585220511619814,59
short idx put25,cor1m,2,-0.023905076644385227,-0.5824055455044759,59
short idx put25,cor1m,3,0.01524666614844224,0.3019792538721373,59
short idx put25,cor1m,4,0.07524972020301304,1.2587674192738612,59
short idx put25,cor3m,1,-0.004342953767323706,-0.14889102605016202,59
short idx put25,cor3m,2,-0.008518767393792226,-0.19204109208606082,59
short idx put25,cor3m,3,0.019459037555862667,0.35450726944941113,59
short idx put25,cor3m,4,0.061284605773886836,1.1267326430141138,59
short idx put25,bcor,1,-0.011627000432492929,-0.3091009077032271,59
short idx put25,bcor,2,-0.012840371468667983,-0.264790160789793,59
short idx put25,bcor,3,0.018056719828614468,0.36158756963195,59
short idx put25,bcor,4,0.07429257424118,1.5270273118958215,59
short idx put25,cor1m_p,1,-0.007744118969638759,-0.26974860735221606,59
short idx put25,cor1m_p,2,0.009548458413680972,0.32966740349513896,59
short idx put25,cor1m_p,3,0.0039033364269100506,0.07546721058842902,59
short idx put25,cor1m_p,4,0.06217424629768134,0.9301451193833,59
short idx put25,bcor_p,1,0.0030558729662329967,0.09955788539711403,59
short idx put25,bcor_p,2,-0.023487795543479073,-0.5398206175507494,59
short idx put25,bcor_p,3,0.014358934936005376,0.305498850352705,59
short idx put25,bcor_p,4,0.07395490980987429,1.2368790568627102,59
short idx put25,corr_prem,1,0.021296598871755803,0.33505833692298354,59
short idx put25,corr_prem,2,0.001592122780271997,0.031614833357068425,59
short idx put25,corr_prem,3,-0.016173614661247965,-0.42798819822732737,59
short idx put25,corr_prem,4,0.061166815177853745,2.210089417459969,59
short idx put25,cor_prem_cboe,1,0.018738245155455007,0.3121148403927464,59
short idx put25,cor_prem_cboe,2,-0.007249737980911932,-0.17758287951757876,59
short idx put25,cor_prem_cboe,3,0.02060879479221959,0.5669682441607187,59
short idx put25,cor_prem_cboe,4,0.03578462020187092,0.7339592808971646,59
short idx put25,rcor21,1,0.020735379538598848,0.7694683325989943,59
short idx put25,rcor21,2,-0.008327626535744218,-0.2159684416855293,59
short idx put25,rcor21,3,0.015352813974908973,0.3108279460279248,59
short idx put25,rcor21,4,0.04012135519086998,0.6120811724620334,59
short idx put25,vix,1,-0.011653616521380836,-0.41811509235013516,59
short idx put25,vix,2,0.010606442923615901,0.2654864450689468,59
short idx put25,vix,3,0.008343260813364051,0.19910917880120993,59
short idx put25,vix,4,0.06058583495303446,0.8855017516717768,59
short idx put25,vix_p,1,-0.005603778491624115,-0.19016226185639065,59
short idx put25,vix_p,2,0.02152463915490553,0.5643617000698838,59
short idx put25,vix_p,3,0.014025309893596672,0.37312348551300356,59
short idx put25,vix_p,4,0.03793575161175549,0.5244836915261704,59
short idx put25,spy_iv,1,-0.013217632402256745,-0.447309584802723,59
short idx put25,spy_iv,2,0.022294844424807333,0.7717767765550854,59
short idx put25,spy_iv,3,0.0019984033822969633,0.04079942957166135,59
short idx put25,spy_iv,4,0.056806306763786035,0.8276801976132411,59
short idx put25,vol_spread,1,0.0346476783630955,0.9546581808424407,59
short idx put25,vol_spread,2,0.018365296562869973,0.5320271969170998,59
short idx put25,vol_spread,3,0.0023792481445903957,0.041498673906193884,59
short idx put25,vol_spread,4,0.01248969909807772,0.22050606501636866,59
short idx put25,vol_spread_p,1,0.008526548558996747,0.20408058200289853,59
short idx put25,vol_spread_p,2,0.04731158808419597,1.0623302021010301,59
short idx put25,vol_spread_p,3,-0.0021376910829323335,-0.05070336661386591,59
short idx put25,vol_spread_p,4,0.014181476608373197,0.24220594121571198,59
short idx put25,idx_vrp,1,0.03030926466856491,0.48250773502433664,59
short idx put25,idx_vrp,2,0.010633652687795026,0.21776879323411907,59
short idx put25,idx_vrp,3,0.0040669287647194,0.12144803459156855,59
short idx put25,idx_vrp,4,0.022872076047554254,0.5784692778018771,59
short idx put25,sn_vrp,1,0.032666178589652387,0.501408773034261,59
short idx put25,sn_vrp,2,0.012284564113099167,0.2817558283354427,59
short idx put25,sn_vrp,3,0.018708913297967943,0.5347389608230687,59
short idx put25,sn_vrp,4,0.004222266167914085,0.1041250274756951,59
short idx call30,cor1m,1,0.0051958932427239885,0.26113114797869985,59
short idx call30,cor1m,2,0.02180593413634163,1.0361470296717015,59
short idx call30,cor1m,3,-0.009525243169261993,-0.38512642034892747,59
short idx call30,cor1m,4,-0.013909960903489213,-0.3423625465335373,59
short idx call30,cor3m,1,0.005899683011084475,0.31071807537106305,59
short idx call30,cor3m,2,0.006645990737436085,0.2832463612299206,59
short idx call30,cor3m,3,-0.009189800387669778,-0.2848163966795626,59
short idx call30,cor3m,4,0.00021074994546362968,0.006078844402666693,59
short idx call30,bcor,1,0.009505995442345,0.5094305689838682,59
short idx call30,bcor,2,0.012293793493963997,0.4762076260464134,59
short idx call30,bcor,3,-0.011707837653259872,-0.36453936834122536,59
short idx call30,bcor,4,-0.006525327976734713,-0.1980006477071712,59
short idx call30,cor1m_p,1,0.011861288655347923,0.6056142281636631,59
short idx call30,cor1m_p,2,-0.005907492174845165,-0.29879749554257656,59
short idx call30,cor1m_p,3,0.015670204059623084,0.629887226707099,59
short idx call30,cor1m_p,4,-0.018057377233811435,-0.4365161408780654,59
short idx call30,bcor_p,1,0.006799545329494986,0.33164378283729035,59
short idx call30,bcor_p,2,0.015979070815818414,0.766067791471116,59
short idx call30,bcor_p,3,0.0023820950595496897,0.09465557713569447,59
short idx call30,bcor_p,4,-0.02159408789854868,-0.5375677349550619,59
short idx call30,corr_prem,1,-0.003553024561816079,-0.10236586564327453,59
short idx call30,corr_prem,2,0.0061077314228537224,0.1909471850796207,59
short idx call30,corr_prem,3,0.008459205294105395,0.3634692486828957,59
short idx call30,corr_prem,4,-0.007447288848828629,-0.380316797706886,59
short idx call30,cor_prem_cboe,1,-0.008735734291368629,-0.2525911274863935,59
short idx call30,cor_prem_cboe,2,0.002452343583856667,0.10315783689541942,59
short idx call30,cor_prem_cboe,3,0.014315453487109699,0.6811478618080773,59
short idx call30,cor_prem_cboe,4,-0.004465439473283329,-0.1457250144563006,59
short idx call30,rcor21,1,0.0005915571454827649,0.028115924977965223,59
short idx call30,rcor21,2,0.011207805601303142,0.5811309660745685,59
short idx call30,rcor21,3,-0.00463254602452815,-0.16229013347742752,59
short idx call30,rcor21,4,-0.0036001934159433516,-0.09219395130612279,59
short idx call30,vix,1,0.007771175516184749,0.4512053947738016,59
short idx call30,vix,2,0.0037763582115002544,0.17861100392610574,59
short idx call30,vix,3,-0.012250331560249919,-0.48348930327943396,59
short idx call30,vix,4,0.004269421138879331,0.10171853366467834,59
short idx call30,vix_p,1,0.012057928770014076,0.7528427847629885,59
short idx call30,vix_p,2,-0.012325578357230941,-0.5433069243225441,59
short idx call30,vix_p,3,0.021878565994009863,0.9110936465749393,59
short idx call30,vix_p,4,-0.018044293100478587,-0.4342371844068329,59
short idx call30,spy_iv,1,0.006367766285834721,0.3530367615425571,59
short idx call30,spy_iv,2,-0.0036007916901775717,-0.18392364591961696,59
short idx call30,spy_iv,3,-0.007830420727663589,-0.3025517608134242,59
short idx call30,spy_iv,4,0.008630069438320844,0.20492965501176352,59
short idx call30,vol_spread,1,-0.0002212307542978581,-0.009093564138771815,59
short idx call30,vol_spread,2,-0.010670896912033486,-0.5003041017077611,59
short idx call30,vol_spread,3,0.00835475477732596,0.2310715201572138,59
short idx call30,vol_spread,4,0.0061039961953197955,0.21646667125556074,59
short idx call30,vol_spread_p,1,0.003681678268174225,0.15929204764024493,59
short idx call30,vol_spread_p,2,-0.020828748913985798,-0.6356305439085197,59
short idx call30,vol_spread_p,3,0.017801408237018132,0.7760340879616724,59
short idx call30,vol_spread_p,4,0.0029122857151078494,0.09359120591554117,59
short idx call30,idx_vrp,1,-0.012778846783566916,-0.363891345576563,59
short idx call30,idx_vrp,2,0.008465611503815742,0.29499981805750775,59
short idx call30,idx_vrp,3,0.0011867940895720814,0.048280215388174806,59
short idx call30,idx_vrp,4,0.0066930644964934985,0.30449958228099655,59
short idx call30,sn_vrp,1,-0.0022932957535367103,-0.05942904325479896,59
short idx call30,sn_vrp,2,-0.002265049266386497,-0.11041203420469972,59
short idx call30,sn_vrp,3,0.0011492735105686947,0.05058500750063916,59
short idx call30,sn_vrp,4,0.006975694815668931,0.257002198261549,59
long sn straddles,cor1m,1,-0.007918031395167474,-0.22525173198167808,59
long sn straddles,cor1m,2,-0.020143547817338694,-0.40943727241114597,59
long sn straddles,cor1m,3,0.03004608897195235,0.47355527029574757,59
long sn straddles,cor1m,4,-0.09647482606772917,-1.7850422958214371,59
long sn straddles,cor3m,1,-0.006117989747965005,-0.14581991344467057,59
long sn straddles,cor3m,2,0.032583457330552436,0.5246320412385171,59
long sn straddles,cor3m,3,-0.02101500816261123,-0.4200038596153763,59
long sn straddles,cor3m,4,-0.09994077572825918,-2.0359904134536264,59
long sn straddles,bcor,1,-0.0024192429368169233,-0.05433196530436672,59
long sn straddles,bcor,2,0.008579160482881917,0.13169069293686142,59
long sn straddles,bcor,3,-0.027254879977487757,-0.5304241683330462,59
long sn straddles,bcor,4,-0.07339535387686022,-1.5960444025088256,59
long sn straddles,cor1m_p,1,-0.0034149234333766183,-0.11094248742880455,59
long sn straddles,cor1m_p,2,-0.026915956420683004,-0.7688159816838782,59
long sn straddles,cor1m_p,3,-0.02062254811627308,-0.3010591918189496,59
long sn straddles,cor1m_p,4,-0.04353688833795029,-0.6575811866145262,59
long sn straddles,bcor_p,1,-0.02142665389030552,-0.5908114391466155,59
long sn straddles,bcor_p,2,0.00863855035994642,0.13876603898878384,59
long sn straddles,bcor_p,3,-0.050314180092878816,-1.0396755091122873,59
long sn straddles,bcor_p,4,-0.031388032685045086,-0.5208257714130939,59
long sn straddles,corr_prem,1,-0.02233121693614704,-0.35476097312825083,59
long sn straddles,corr_prem,2,-0.03455124813209829,-0.7303470558789925,59
long sn straddles,corr_prem,3,-0.0035852306773486555,-0.0578007538101501,59
long sn straddles,corr_prem,4,-0.03402262056268899,-0.9750676989031065,59
long sn straddles,cor_prem_cboe,1,0.006661738068078387,0.12342855113390508,59
long sn straddles,cor_prem_cboe,2,-0.005944124440123672,-0.12379579482622644,59
long sn straddles,cor_prem_cboe,3,-0.04650837750195233,-0.7459975050916292,59
long sn straddles,cor_prem_cboe,4,-0.04869955243428537,-1.0858280806991738,59
long sn straddles,rcor21,1,-0.02655847773861298,-0.7518727851996077,59
long sn straddles,rcor21,2,0.002411685361253696,0.0437065355617776,59
long sn straddles,rcor21,3,-0.015428050439680855,-0.2878297233691807,59
long sn straddles,rcor21,4,-0.054915473491242844,-0.8676049138732836,59
long sn straddles,vix,1,-0.0020818186934709057,-0.06647486661750969,59
long sn straddles,vix,2,-0.009530359069953084,-0.23715196153581042,59
long sn straddles,vix,3,-0.004949637546482459,-0.07884927080611565,59
long sn straddles,vix,4,-0.07792850099837653,-1.1686202036045705,59
long sn straddles,vix_p,1,-0.029079433547069516,-1.1411448312308636,59
long sn straddles,vix_p,2,-0.011741209283210575,-0.31538649673046804,59
long sn straddles,vix_p,3,-0.027087526004232386,-0.3998853196843044,59
long sn straddles,vix_p,4,-0.026582147473770516,-0.3886201277119997,59
long sn straddles,spy_iv,1,-0.00074436376071654,-0.02371602425140161,59
long sn straddles,spy_iv,2,-0.016642671193565526,-0.56927353045718,59
long sn straddles,spy_iv,3,0.002022811001229558,0.029808862199278047,59
long sn straddles,spy_iv,4,-0.07912609235523048,-1.1784076718521215,59
long sn straddles,vol_spread,1,-0.04464026835937252,-1.3914828970480289,59
long sn straddles,vol_spread,2,-0.0146575435425708,-0.35904859830092284,59
long sn straddles,vol_spread,3,-0.00929741667531049,-0.1691868357225262,59
long sn straddles,vol_spread,4,-0.02589508773102918,-0.347873932911334,59
long sn straddles,vol_spread_p,1,-0.04673377943741043,-1.218670144180437,59
long sn straddles,vol_spread_p,2,0.010570548501438008,0.22280034102328822,59
long sn straddles,vol_spread_p,3,-0.028225233300528042,-0.5548498409918604,59
long sn straddles,vol_spread_p,4,-0.030101852071782544,-0.43180430411987086,59
long sn straddles,idx_vrp,1,0.0012192035094127094,0.015708159977769285,59
long sn straddles,idx_vrp,2,-0.03978733821537549,-0.929336284749166,59
long sn straddles,idx_vrp,3,-0.008365947551836582,-0.18451499283706266,59
long sn straddles,idx_vrp,4,-0.04755623405048362,-1.3380916549933497,59
long sn straddles,sn_vrp,1,-0.0033063147513033905,-0.04262832481165685,59
long sn straddles,sn_vrp,2,-0.0029666505145881077,-0.06506218360457351,59
long sn straddles,sn_vrp,3,-0.04074490673341485,-1.313027930056078,59
long sn straddles,sn_vrp,4,-0.04747244430897665,-1.031836286665054,59
long sn put25,cor1m,1,-0.024516226587683793,-1.1819604818013685,59
long sn put25,cor1m,2,0.005961407919648346,0.1354639376752951,59
long sn put25,cor1m,3,0.011071839344157388,0.26669296444435014,59
long sn put25,cor1m,4,-0.051056478694653906,-1.4103406117042259,59
long sn put25,cor3m,1,-0.020130188436527183,-0.7179508915493454,59
long sn put25,cor3m,2,0.02319422141288342,0.48874979431607457,59
long sn put25,cor3m,3,-0.014071809370437373,-0.41302733038316136,59
long sn put25,cor3m,4,-0.04753168162445086,-1.3726849232748857,59
long sn put25,bcor,1,-0.019411830225428008,-0.6405850058564391,59
long sn put25,bcor,2,0.013611335644402475,0.26811103919485846,59
long sn put25,bcor,3,-0.009503321702848783,-0.28775112082951027,59
long sn put25,bcor,4,-0.04323564173465767,-1.452405815784582,59
long sn put25,cor1m_p,1,-0.008891455633843403,-0.47948832051758944,59
long sn put25,cor1m_p,2,-0.027878392914483744,-1.400240574591072,59
long sn put25,cor1m_p,3,0.005102679226161579,0.09947809080366646,59
long sn put25,cor1m_p,4,-0.026872288696366424,-0.5756888180705276,59
long sn put25,bcor_p,1,-0.024977271267427704,-1.0597570749127647,59
long sn put25,bcor_p,2,-0.00024757821083295985,-0.006393147509951721,59
long sn put25,bcor_p,3,-0.008533508136785209,-0.19629940122413897,59
long sn put25,bcor_p,4,-0.024781100403486113,-0.6137639355925536,59
long sn put25,corr_prem,1,-0.01349784517112734,-0.2777948230432129,59
long sn put25,corr_prem,2,-0.011324099098173245,-0.281439725847054,59
long sn put25,corr_prem,3,-0.004254744651815897,-0.12296787951663815,59
long sn put25,corr_prem,4,-0.02946276909741552,-1.4590282438237496,59
long sn put25,cor_prem_cboe,1,-0.002355522797773779,-0.05532676890756077,59
long sn put25,cor_prem_cboe,2,0.0008611772895823938,0.02208587505006394,59
long sn put25,cor_prem_cboe,3,-0.03260946469079282,-0.9105489798298183,59
long sn put25,cor_prem_cboe,4,-0.024435647819547775,-0.8015284188764016,59
long sn put25,rcor21,1,-0.034723575395722475,-1.7005929877761992,59
long sn put25,rcor21,2,0.001227229916895703,0.03836508949747182,59
long sn put25,rcor21,3,0.0012095929693163594,0.02701088583765274,59
long sn put25,rcor21,4,-0.02625270550902158,-0.5756516857163964,59
long sn put25,vix,1,-0.005891282190427789,-0.3287081401051653,59
long sn put25,vix,2,-0.009252368072103667,-0.24582630833138555,59
long sn put25,vix,3,-0.003471180015780245,-0.08762560359033268,59
long sn put25,vix,4,-0.03992462774022029,-0.8449088624995823,59
long sn put25,vix_p,1,-0.017091095355089167,-0.9504920151555879,59
long sn put25,vix_p,2,-0.020311515495255457,-0.8783467559937156,59
long sn put25,vix_p,3,-0.01227506810241482,-0.26836768800761013,59
long sn put25,vix_p,4,-0.008861779065772546,-0.17192241171531122,59
long sn put25,spy_iv,1,-0.003144733170939865,-0.15302471687831423,59
long sn put25,spy_iv,2,-0.02959596150348539,-1.7947524411538474,59
long sn put25,spy_iv,3,0.013311985631447542,0.2646570831697208,59
long sn put25,spy_iv,4,-0.03911074897555428,-0.8259495231106203,59
long sn put25,vol_spread,1,-0.020446291633944638,-0.9064517661263272,59
long sn put25,vol_spread,2,-0.01338399469621682,-0.503117625742062,59
long sn put25,vol_spread,3,0.0006928337343998416,0.015833065661166,59
long sn put25,vol_spread,4,-0.02540200542277037,-0.5132366634442945,59
long sn put25,vol_spread_p,1,-0.011689364521520834,-0.41324138999916804,59
long sn put25,vol_spread_p,2,-0.012607268738912544,-0.4084037096009987,59
long sn put25,vol_spread_p,3,-0.012293432186016508,-0.290436728679212,59
long sn put25,vol_spread_p,4,-0.021949392572082106,-0.4832661013229501,59
long sn put25,idx_vrp,1,-0.00037891338184566195,-0.007312255560393134,59
long sn put25,idx_vrp,2,-0.018150029700312875,-0.45345918588354195,59
long sn put25,idx_vrp,3,-0.00597746883941574,-0.26305509094588714,59
long sn put25,idx_vrp,4,-0.03403304609695772,-1.239805842409647,59
long sn put25,sn_vrp,1,-0.0017711768121423045,-0.035620818661059116,59
long sn put25,sn_vrp,2,0.0009075606622162362,0.022544533707608307,59
long sn put25,sn_vrp,3,-0.027993399702336455,-1.2804391452872446,59
long sn put25,sn_vrp,4,-0.029682442166269463,-0.9511322340466043,59
long sn call30,cor1m,1,0.014342269199090292,0.6788426842380659,59
long sn call30,cor1m,2,-0.02261555477564375,-1.0711302383548307,59
long sn call30,cor1m,3,0.0026768904660246094,0.10948330262856604,59
long sn call30,cor1m,4,-0.04541875113778675,-1.2191690433918398,59
long sn call30,cor3m,1,0.013067749649677926,0.6134074687691956,59
long sn call30,cor3m,2,0.0002508203583194834,0.009973323929830647,59
long sn call30,cor3m,3,-0.013916236117619636,-0.5140864221117911,59
long sn call30,cor3m,4,-0.05041748013869338,-1.556938028592024,59
long sn call30,bcor,1,0.015203874341032205,0.726967803009549,59
long sn call30,bcor,2,-0.013557599185016742,-0.5357405927444039,59
long sn call30,bcor,3,-0.026766747236170098,-0.7648573995503878,59
long sn call30,bcor,4,-0.025894674168160943,-1.0088395555586978,59
long sn call30,cor1m_p,1,0.0024745886988174906,0.12508283713857452,59
long sn call30,cor1m_p,2,0.0005347993866341658,0.025704176444143242,59
long sn call30,cor1m_p,3,-0.024378550404429565,-0.9775872416904793,59
long sn call30,cor1m_p,4,-0.02964598392933769,-0.7548336633500015,59
long sn call30,bcor_p,1,0.001071352285735457,0.0528015059445112,59
long sn call30,bcor_p,2,0.0018250752830094728,0.0681149002553024,59
long sn call30,bcor_p,3,-0.04128890967986115,-1.45128944509823,59
long sn call30,bcor_p,4,-0.012622664137199369,-0.3958737249661706,59
long sn call30,corr_prem,1,-0.022322833137791882,-0.6070700677503078,59
long sn call30,corr_prem,2,-0.018698798220507885,-0.7237549403289498,59
long sn call30,corr_prem,3,-0.004488903247038045,-0.17895801586729732,59
long sn call30,corr_prem,4,-0.00550461164297779,-0.2790496925634282,59
long sn call30,cor_prem_cboe,1,-0.0008539028023534572,-0.028720164265451393,59
long sn call30,cor_prem_cboe,2,-0.008243894067735312,-0.35458580540381746,59
long sn call30,cor_prem_cboe,3,-0.015897378808940016,-0.5476901240712715,59
long sn call30,cor_prem_cboe,4,-0.026019970569286805,-0.9423440900058693,59
long sn call30,rcor21,1,0.009613670054636638,0.5156987228552983,59
long sn call30,rcor21,2,-0.004944978474550964,-0.19765829881842104,59
long sn call30,rcor21,3,-0.018617560830699945,-0.7972081967081917,59
long sn call30,rcor21,4,-0.03706627699770132,-0.9769383405660259,59
long sn call30,vix,1,0.0019141355680032189,0.106130974226844,59
long sn call30,vix,2,-0.004347936444192331,-0.22105480060965968,59
long sn call30,vix,3,-0.003100495787683912,-0.11998143592689238,59
long sn call30,vix,4,-0.045480849584442574,-1.1529538388534302,59
long sn call30,vix_p,1,-0.010749424444599582,-0.6984907428199226,59
long sn call30,vix_p,2,0.007942153471131315,0.3454507823961277,59
long sn call30,vix_p,3,-0.016636375082436334,-0.6174240293566833,59
long sn call30,vix_p,4,-0.031571500192411,-0.8152909615589055,59
long sn call30,spy_iv,1,-0.0005495263555442449,-0.03130333393454974,59
long sn call30,spy_iv,2,0.009093682002820389,0.4963250916997034,59
long sn call30,spy_iv,3,-0.013399268550105396,-0.5017730883713226,59
long sn call30,spy_iv,4,-0.04616003334548634,-1.170861526321715,59
long sn call30,vol_spread,1,-0.022490834525428702,-1.2480816750696897,59
long sn call30,vol_spread,2,-0.0027752818874905863,-0.13119430568786788,59
long sn call30,vol_spread,3,-0.014906815277754344,-0.48179767526066414,59
long sn call30,vol_spread,4,-0.01084221455764196,-0.2993014893674079,59
long sn call30,vol_spread_p,1,-0.03634366673596931,-1.8297779115465245,59
long sn call30,vol_spread_p,2,0.01279206390859448,0.506774687720219,59
long sn call30,vol_spread_p,3,-0.011480846531362332,-0.42697042861035,59
long sn call30,vol_spread_p,4,-0.015982696889578436,-0.461241020670706,59
long sn call30,idx_vrp,1,-0.013503044193409669,-0.344957101343565,59
long sn call30,idx_vrp,2,-0.018095157169013876,-0.7425079488261852,59
long sn call30,idx_vrp,3,-0.0033890619918214605,-0.14849739582190868,59
long sn call30,idx_vrp,4,-0.01602788289407059,-0.800297699190972,59
long sn call30,sn_vrp,1,-0.008237729612537895,-0.21989969078724375,59
long sn call30,sn_vrp,2,-0.00395730020289787,-0.18210546064837357,59
long sn call30,sn_vrp,3,-0.014479726807399203,-0.7349665081645209,59
long sn call30,sn_vrp,4,-0.024340389625480623,-0.8741606542694873,59
event short straddles,cor1m,1,-0.0049093594840147236,-0.4105893359552509,59
event short straddles,cor1m,2,0.007253581059260274,1.0618965178727773,59
event short straddles,cor1m,3,0.008090119415541436,1.2068761952429008,59
event short straddles,cor1m,4,0.012934099126366642,0.9757080201803117,59
event short straddles,cor3m,1,-0.0012760085942099507,-0.1102056311422585,59
event short straddles,cor3m,2,9.99892574445713e-05,0.013946265478308217,59
event short straddles,cor3m,3,0.008834303807373121,1.2025545471062373,59
event short straddles,cor3m,4,0.015710155646545886,1.2070090208534126,59
event short straddles,bcor,1,-0.0037522878193189334,-0.32963227144975704,59
event short straddles,bcor,2,0.0071501425464163895,0.871072826298157,59
event short straddles,bcor,3,0.004525301740523471,0.5142226344502837,59
event short straddles,bcor,4,0.015445283649532703,1.3311395228453613,59
event short straddles,cor1m_p,1,0.0012416849423560472,0.12708214537104012,59
event short straddles,cor1m_p,2,0.0031393732807139954,0.37364032340757297,59
event short straddles,cor1m_p,3,0.00273891341176049,0.2861025221753556,59
event short straddles,cor1m_p,4,0.0162484684823231,1.305836769493954,59
event short straddles,bcor_p,1,-0.0007601394443562315,-0.06831434082494667,59
event short straddles,bcor_p,2,0.003195005805570173,0.35687516768945954,59
event short straddles,bcor_p,3,0.007666908612168616,1.0227214022674949,59
event short straddles,bcor_p,4,0.013266665143771068,1.0637553451569786,59
event short straddles,corr_prem,1,0.005937499982555874,0.52593929735085,59
event short straddles,corr_prem,2,0.0074354179225270805,0.9258174718252228,59
event short straddles,corr_prem,3,0.00589955668374721,0.42715134210347483,59
event short straddles,corr_prem,4,0.004095965528323464,0.6337804166275309,59
event short straddles,cor_prem_cboe,1,0.005652374123330448,0.579847935112103,59
event short straddles,cor_prem_cboe,2,0.0008447404800553539,0.08293671187805622,59
event short straddles,cor_prem_cboe,3,0.0028042633482031004,0.3016821576925199,59
event short straddles,cor_prem_cboe,4,0.014067062165564727,1.2283987587064438,59
event short straddles,rcor21,1,-0.0018529744346404368,-0.1745592764963934,59
event short straddles,rcor21,2,0.005142193918303993,0.731622304178842,59
event short straddles,rcor21,3,0.008459151079395186,1.04267408640448,59
event short straddles,rcor21,4,0.011620069554094887,0.8461925545148347,59
event short straddles,vix,1,-0.0016722661367921544,-0.23909430448191774,59
event short straddles,vix,2,0.00509609165964445,0.5642757331403457,59
event short straddles,vix,3,0.0019005315346407605,0.20434720379015187,59
event short straddles,vix,4,0.018044083059660578,1.3118444158358582,59
event short straddles,vix_p,1,7.752150432030826e-05,0.015308805030970879,59
event short straddles,vix_p,2,0.003108413686251193,0.3157460524455851,59
event short straddles,vix_p,3,0.003162535462121651,0.2946695989517283,59
event short straddles,vix_p,4,0.017019969464460473,1.295695430416291,59
event short straddles,spy_iv,1,-0.003782711368674315,-0.5294385214240211,59
event short straddles,spy_iv,2,0.004341087751305316,0.49868273422012255,59
event short straddles,spy_iv,3,0.005328143840248713,0.5658442407444583,59
event short straddles,spy_iv,4,0.01748191989427392,1.2686009587738158,59
event short straddles,vol_spread,1,0.009663346535572229,0.8823016551121806,59
event short straddles,vol_spread,2,0.004597528957735267,0.6255093674863992,59
event short straddles,vol_spread,3,0.0021793343004991063,0.24008877920167626,59
event short straddles,vol_spread,4,0.006928230323347023,0.5377925092129551,59
event short straddles,vol_spread_p,1,0.012639597545661494,1.1378468604112695,59
event short straddles,vol_spread_p,2,-0.0013008498948360787,-0.16247667570392335,59
event short straddles,vol_spread_p,3,0.004973665095300768,0.7636248711057517,59
event short straddles,vol_spread_p,4,0.007056027371027446,0.5165475337458836,59
event short straddles,idx_vrp,1,0.004692901352528416,0.5102749721860537,59
event short straddles,idx_vrp,2,0.003580316008953574,0.45543814294474533,59
event short straddles,idx_vrp,3,0.010177739400090348,0.7438439850642009,59
event short straddles,idx_vrp,4,0.00491748335558129,0.5208456275666004,59
event short straddles,sn_vrp,1,0.009704683326572157,1.327773571983957,59
event short straddles,sn_vrp,2,0.003965227554754545,0.6906460042688053,59
event short straddles,sn_vrp,3,0.0018060349117659095,0.13431050848782944,59
event short straddles,sn_vrp,4,0.007892494324061018,0.6350752463177668,59
