book,L,cagr,vol,sharpe,sortino,maxdd,calmar,worst_month
book base,3,0.08760115946959224,0.08371593425689734,1.0554654746808714,1.0739709036907918,-0.16042400778043198,0.5460601607054325,-0.08381299065332659
book base,4,0.09831099886120476,0.09443408137799755,1.0505697351994774,1.0882637604983716,-0.19237109154162613,0.5110487135741587,-0.11080502679889503
book PW stop 2%,3,0.08459255635323504,0.08622735042523036,0.995087941034759,0.9614827966607616,-0.1604240077804321,0.5273060904264063,-0.10199789565866313
book PW stop 2%,4,0.09426480943027538,0.09801314399760556,0.9781776606256727,0.9514865918179088,-0.19237109154162635,0.49001546269168944,-0.13444620408919072
book PW delta overhedge 1.25x,3,0.08202938927750414,0.08376846239872798,0.993188056937563,1.0363448746594963,-0.16368370900188833,0.5011457143640227,-0.08375287585268942
book PW delta overhedge 1.25x,4,0.0907982512118295,0.09481912682013129,0.9737668116182091,1.0357878125349194,-0.1965620972551143,0.4619316362603932,-0.0914534667502096
book PW delta overhedge 1.5x,3,0.07634254295557108,0.08616675581164304,0.9064165025643299,0.9676550204354032,-0.1686935173653753,0.4525517290046176,-0.08887651119551732
book PW delta overhedge 1.5x,4,0.08308335927962673,0.09884091412799273,0.8657449317324503,0.9491323823703426,-0.2007531029686037,0.4138584064258292,-0.09293188116629514
book PW daily hedge 1.0x,3,0.07960423503931335,0.08318344878121131,0.9726141173767369,0.9858158259144758,-0.14330669596117784,0.5554816158826127,-0.0836467993323714
book PW daily hedge 1.0x,4,0.08752750352180616,0.09330259083696056,0.9559792706785514,0.9674612135077697,-0.18729670467340498,0.4673200400104773,-0.10612747909919151
book PW band overhedge -4% x0.25,3,0.07567831046838469,0.09074807767771427,0.8585696955505494,0.8362111061590487,-0.1604240077804321,0.4717393083207565,-0.101950226864433
book PW band overhedge -4% x0.25,4,0.08210498094002983,0.10518150916518156,0.8115413602156275,0.7959434515946241,-0.19237109154162635,0.4268051934521746,-0.11347598290731353
"book all stops (PW 2%, CO 2%, EV 1%)",3,0.07898759707247183,0.08605522045232337,0.9364752378412544,0.9024209955118009,-0.16844870612071972,0.46891186576324856,-0.10369315161556558
"book all stops (PW 2%, CO 2%, EV 1%)",4,0.08673221429682854,0.09779777923402035,0.9091999140106338,0.8786527927499128,-0.20284881343220784,0.4275707253560765,-0.13666606881484988
book CO stop 2% + EV stop 1%,3,0.08195607147584516,0.08378508595739743,0.9923089992302855,0.9962141858987363,-0.1684487061207196,0.4865342890619233,-0.08554257622748385
book CO stop 2% + EV stop 1%,4,0.09070441446458588,0.09461749991693985,0.9749461162758922,0.9903826388210344,-0.20284881343220829,0.44715279783925943,-0.11308552347578316
