es,gate,L,cagr,vol,sharpe,sortino,maxdd,calmar,worst_month,cvar95_m,beta,y2008,y2020,y2022,pm_peak,pm_p95,regt_peak,feasible_pm60
0.0,always,2,0.037694925054710504,0.033488007291356134,1.1214693192293097,1.1250208035457232,-0.08107190761121119,0.4649566806233357,-0.05630603043934457,-0.018434412054926807,0.009183275715897103,0.02563817616898323,0.06431901511378091,0.04400741069855929,0.2616606226230507,0.17532419403086275,1.2488874635248508,True
0.0,always,3,0.04822084225991996,0.04977826534919902,0.9719739618260089,0.97667344769545,-0.11962607599235497,0.4030964140544211,-0.08381299065332659,-0.028287746213751002,0.013687378240296583,0.027792517185986076,0.09513308973832735,0.05737418674992667,0.3924909339345759,0.2629862910462941,1.873331195287276,True
0.0,always,4,0.05862522591980279,0.06613411250329836,0.896234024877746,0.9157107086570205,-0.15679189054611287,0.3739047071606103,-0.11080502679889503,-0.03822927238652749,0.01816031578797063,0.02929759119072184,0.12626820105269276,0.07067052287309927,0.5233212452461014,0.3506483880617255,2.4977749270497016,True
0.0,always,5,0.06890254429006104,0.08251552935579672,0.8510031933425063,0.8627534555208743,-0.1926286673992359,0.3576962101246118,-0.1372921595645401,-0.048134632609059425,0.022600909091121064,0.030133124032038605,0.1577192538594947,0.08388985871678778,0.6541515565576267,0.438310485077157,3.1222186588121272,False
0.0,always,7,0.08905300581264997,0.11531730518668604,0.8004163372532511,0.8062624418744757,-0.26053634992736097,0.3418064536387282,-0.18879051430861504,-0.06784320484964916,0.031380253265892215,0.029713532075731575,0.2215481597780069,0.11007075287525914,0.9158121791806773,0.6136346791080196,4.371106122336978,False
0.0,always,10,0.11817723287004567,0.16460721626064506,0.7647224499576718,0.7792780678249999,-0.35373746940555484,0.3340817501426664,-0.26248736784589644,-0.0973230673637211,0.04427586320037011,0.023545167514344767,0.31952632456870567,0.1485944333150524,1.3083031131152534,0.876620970154314,6.2444373176242545,False
0.3,always,0,0.04719375137622195,0.045371949744461085,1.0487537676048282,0.9657463502810313,-0.18296131303513175,0.2579438821974344,-0.04453544702569001,-0.02725738538206961,0.29325425724552817,-0.10318578268916778,0.07692101639453042,-0.04290094040240888,0.018,0.018,0.018,True
0.3,always,2,0.06895897255577688,0.05722607461897164,1.2040742563195976,1.130870874298391,-0.1927100082307016,0.357838044785007,-0.07174176224023843,-0.03377890980442977,0.30232160229309357,-0.09690975433170068,0.1374927688328602,-0.017317493456827093,0.2796606226230507,0.19332419403086273,1.2668874635248508,True
0.3,always,3,0.07966718958832808,0.06843033894017153,1.1640651629882162,1.1092444724456745,-0.20314426201016555,0.39217051370292433,-0.09826279410363081,-0.039729364019518355,0.3068250388230894,-0.0945586828970818,0.168205141201498,-0.00460561079417976,0.4104909339345759,0.28098629104629413,1.891331195287276,True
0.3,always,4,0.09025198069557816,0.08138318746710764,1.111677215676632,1.0584243329071548,-0.22015339125096134,0.4099504449272664,-0.12428734820684129,-0.047169750329514704,0.3113064150246874,-0.09275450674965224,0.1991940509137191,0.008045440270225246,0.5413212452461014,0.3686483880617255,2.5157749270497014,True
0.3,always,5,0.10070782302845438,0.09537519171414316,1.0626216161505886,1.0390693592279878,-0.24208218875807852,0.41600674359853607,-0.14982497979075082,-0.0552360734434215,0.3157641339498914,-0.091513894562545,0.23045349133324988,0.020629596392928384,0.6721515565576267,0.456310485077157,3.140218658812127,False
0.3,always,7,0.12120965011813722,0.1250727842494752,0.9856963093503083,0.9896582517248605,-0.290333134823339,0.41748472902306,-0.1994764858939143,-0.07347875672432876,0.32460268665207287,-0.09079078502761662,0.2937592965572977,0.04557242204000511,0.9338121791806773,0.6316346791080196,4.389106122336978,False
0.3,always,10,0.1508465946362565,0.1717078313606846,0.9123036610591769,0.9242627531178543,-0.3776138280125698,0.39947317456614745,-0.2705271027854158,-0.10179452103062252,0.3376451386979503,-0.09435814054275393,0.39058767072599854,0.08232733618463395,1.3263031131152534,0.894620970154314,6.262437317624254,False
0.3,corr-lo,0,0.0229909353593285,0.025568294323189012,0.9185426777922305,0.5051197025121879,-0.10315284221458654,0.2228822286011371,-0.0610951580063156,-0.015808063807514944,0.07256526886672887,0.01946181825118165,-0.0805499319036489,0.01708824431901057,0.018,0.018,0.018,True
0.3,corr-lo,2,0.044401845046943444,0.04176997241076989,1.0737080065314586,0.9541379810516019,-0.13407712391692217,0.3311664492031917,-0.05630603043934479,-0.027649897136605966,0.08205858261610127,0.02563817616898234,-0.025804306440543323,0.0440073472913034,0.2796606226230507,0.19332419403086273,1.2668874635248508,True
0.3,corr-lo,3,0.05493302597915717,0.05567173104458551,0.9991156331993354,0.9334904860368007,-0.16736138531102018,0.3282299909090201,-0.08381299065332704,-0.03574687797086626,0.08676502770978728,0.027792517185985854,0.001978182899986747,0.05737409096422619,0.4104909339345759,0.28098629104629413,1.891331195287276,True
0.3,corr-lo,4,0.06534090759932099,0.07065675549755607,0.9405661371355047,0.915482862573861,-0.19978569090976173,0.3270549922858783,-0.11080502679889503,-0.04381437505045912,0.09144310088036813,0.02929759119072184,0.030026813365074956,0.07067039427622546,0.5413212452461014,0.3686483880617255,2.5157749270497014,True
0.3,corr-lo,5,0.07561991523239175,0.08616032473017567,0.8977812697657552,0.8866771895808966,-0.2312906679376483,0.3269475414061128,-0.13729215956454022,-0.05238046192015541,0.09609160715784634,0.030133124032038827,0.058336199055244675,0.08388969688946357,0.6721515565576267,0.456310485077157,3.140218658812127,False
0.3,corr-lo,7,0.09576841585643048,0.11790556622178171,0.8424305739137021,0.8317333158580753,-0.2916148111828457,0.32840724196406684,-0.18879051430861515,-0.0714242522205721,0.10529531809439506,0.02971353207573091,0.11571508327881674,0.11007052338536916,0.9338121791806773,0.6316346791080196,4.389106122336978,False
0.3,corr-lo,10,0.12487621369204982,0.1663522192493702,0.7979790841337371,0.7986512141954061,-0.3759690564446869,0.33214492403425167,-0.2624873678458963,-0.10027246944787331,0.11884881748978914,0.023545167514345433,0.20359744878703268,0.1485940995504107,1.3263031131152534,0.894620970154314,6.262437317624254,False
0.45,always,0,0.061715868126315465,0.06814825504080292,0.9236621354447065,0.8389797799916034,-0.276204586873931,0.22344258951240606,-0.06860762528779407,-0.04173575248928288,0.44190395685058065,-0.16269112623990822,0.10847885791309153,-0.07286921043092331,0.027,0.027,0.027,True
0.45,always,2,0.08364353439166794,0.07693500139271317,1.0942647582631575,0.9911234187720509,-0.27394575513378683,0.30532882084929175,-0.08061202037358894,-0.046357861317261405,0.45098975785608075,-0.1564930794652134,0.1686052184348692,-0.04796082762938547,0.2886606226230507,0.20232419403086274,1.2758874635248507,True
0.45,always,3,0.09443116386683204,0.08573902035456388,1.1068567617442977,1.0404276352352282,-0.28132724168650325,0.3356630637713404,-0.10664083963058357,-0.05138139612791249,0.45551025222856806,-0.1541145883293854,0.19905639645222317,-0.035580253494432945,0.4194909339345759,0.28998629104629414,1.900331195287276,True
0.45,always,4,0.10509425479200907,0.0965027944169063,1.095058112661666,1.0271389136406326,-0.290303285176011,0.36201538238980097,-0.13218224257423106,-0.05681257806257429,0.4600135535748745,-0.15223658268735296,0.22975780472209673,-0.023255980828217226,0.5503212452461014,0.3776483880617255,2.5247749270497017,True
0.45,always,5,0.11562728366770303,0.1086461983011765,1.072410019146413,1.008611028873078,-0.30554801275548116,0.3784259063737891,-0.1572455586401651,-0.0639566699412795,0.46449801007792996,-0.1508740174055604,0.26070295614363936,-0.010993852234464918,0.6811515565576267,0.465310485077157,3.1492186588121274,False
0.45,always,7,0.136280082194425,0.13556512093952372,1.0207103721834179,0.990436600958413,-0.3374617844931854,0.40383856322900763,-0.20597407241403654,-0.07890340812154505,0.4734037069589903,-0.14975630773145887,0.3232974465189542,0.013320123991932498,0.9428121791806773,0.6406346791080196,4.398106122336978,False
0.45,always,10,0.1661346720611543,0.1795501039690464,0.9558699224857415,0.9640357906853205,-0.3991518719951186,0.41621919804797014,-0.2757012147571708,-0.10576084244082905,0.4865790874381421,-0.1523298007441255,0.4188414417975088,0.04917344953240166,1.3353031131152533,0.903620970154314,6.271437317624255,False
0.45,corr-lo,0,0.026027011364484043,0.03775843653224137,0.7179439907433102,0.3870626595601291,-0.15473247979722926,0.1682065161664274,-0.09356121333973699,-0.024894584822923144,0.1093693087499744,0.019461818251181207,-0.1233734710611527,0.017088244319010792,0.027,0.027,0.027,True
0.45,corr-lo,2,0.04743461002274696,0.050205787392000156,0.9643233129696943,0.7826229369345667,-0.1789814822924516,0.26502523845031023,-0.07872211961042175,-0.03519545964584845,0.11908032859657691,0.025638176168982785,-0.07162826788716647,0.04400731536146285,0.2886606226230507,0.20232419403086274,1.2758874635248507,True
0.45,corr-lo,3,0.05796272431275673,0.062261985001762936,0.9501750182688301,0.8365224477977464,-0.20296779091805095,0.28557597267321794,-0.08381299065332659,-0.04213785581259185,0.12389810618009767,0.02779251718598519,-0.045387592349388495,0.05737404273186586,0.4194909339345759,0.28998629104629414,1.900331195287276,True
0.45,corr-lo,4,0.06836654337131098,0.07596337648411164,0.9210489672774618,0.8532385026850354,-0.23423259215930137,0.29187459670349786,-0.11080502679889503,-0.05023730787414175,0.1286891362207945,0.029297591190722283,-0.018908714651933112,0.07067032952492114,0.5503212452461014,0.3776483880617255,2.5247749270497017,True
0.45,corr-lo,5,0.07864058640407823,0.09056487398356358,0.8925441312192043,0.8441118339707753,-0.26460179911306503,0.2972035211690866,-0.13729215956454033,-0.05830827164149855,0.13345235566881852,0.030133124032038605,0.0078028306284323445,0.08388961540956075,0.6811515565576267,0.465310485077157,3.1492186588121274,False
0.45,corr-lo,7,0.09877635382020888,0.12115746726339857,0.848070795231591,0.8286879241017835,-0.3227246459202773,0.3060700664448467,-0.18879051430861493,-0.07436687964409634,0.1428905976449754,0.029713532075730464,0.0619011936906777,0.11007040784758937,0.9428121791806773,0.6406346791080196,4.398106122336978,False
0.45,corr-lo,10,0.12785802262609325,0.1686545573509071,0.8068750728687321,0.799532127060061,-0.40363124342348056,0.3167693896578456,-0.2624873678458963,-0.10273309270714281,0.15680906120382454,0.023545167514345655,0.14464860468154384,0.1485939315364886,1.3353031131152533,0.903620970154314,6.271437317624255,False
0.6,always,0,0.07555318689692991,0.09118228404710492,0.8559234136218952,0.7706482940715235,-0.361345117093418,0.20908871691601486,-0.0936249308351319,-0.05648194593469676,0.5920168550609312,-0.22079637912311645,0.1358618161579126,-0.1027589373746347,0.036,0.036,0.036,True
0.6,always,2,0.0976256813017764,0.09821403540934237,1.0100767358060319,0.8947220146460177,-0.34929056053031815,0.2794970501165392,-0.09023331105995724,-0.05999237135448302,0.6011452228769751,-0.21474923533064683,0.1952355922303508,-0.07852888632145638,0.29766062262305065,0.21132419403086275,1.2848874635248508,True
0.6,always,3,0.1084837172538371,0.105365613541939,1.0428084622713945,0.9547920085099241,-0.35574270366202687,0.3049499431389659,-0.11577051800347171,-0.06396965107313861,0.6056952708681363,-0.21238426323226245,0.22526764763055418,-0.0664814004841151,0.4284909339345759,0.2989862910462941,1.909331195287276,True
0.6,always,4,0.11921601107475666,0.11438617475727757,1.0544167366610364,0.986880256037588,-0.36245740332457677,0.32891040431584173,-0.14082926341379887,-0.06908077919304433,0.6102333299066038,-0.21047616391608404,0.25552071557422185,-0.05448589209815691,0.5593212452461014,0.38664838806172547,2.5337749270497016,True
0.6,always,5,0.1298170067894684,0.12487241509958932,1.0523324921940904,0.990695000763817,-0.37131807403197337,0.3496113328926998,-0.1654186554120608,-0.07440743295687023,0.6147576137197398,-0.20903858984667834,0.285987595601634,-0.04254797579862679,0.6901515565576267,0.47431048507715695,3.1582186588121273,False
0.6,always,7,0.15060174023757922,0.14897609845563783,1.0282624600734065,0.9822291930929787,-0.3999814124483233,0.37652184714217596,-0.2132246702535322,-0.08824724217326126,0.6237572096685335,-0.20762998554059353,0.3475292896178144,-0.018867838341629528,0.9518121791806773,0.6496346791080196,4.407106122336978,False
0.6,always,10,0.1806445479200116,0.1899332936863291,0.9809911121738176,0.9703907700006603,-0.4447371842140825,0.406182694705948,-0.28162841365214775,-0.1108319159917744,0.6371107024767538,-0.209391869209956,0.4412642618944338,0.01607375120163046,1.3443031131152534,0.912620970154314,6.280437317624254,False
0.6,corr-lo,0,0.02883480183120657,0.05021391716423151,0.610904119904555,0.33483409471141845,-0.20568879230173198,0.14018654837016012,-0.12719547193756775,-0.03408227010980322,0.14657384556438963,0.01946181825118143,-0.16667152489303627,0.01708824431901057,0.036,0.036,0.036,True
0.6,corr-lo,2,0.05023056863343345,0.06020020013397067,0.8624977869908337,0.6680043575139747,-0.225558112658773,0.22269457764714873,-0.11305551225549537,-0.04383490183456138,0.15651705547452666,0.025638176168983007,-0.11796047209498217,0.04400728327940384,0.29766062262305065,0.21132419403086275,1.2848874635248508,True
0.6,corr-lo,3,0.06075120436230441,0.07059212095084771,0.8873193437392959,0.7347537345584001,-0.24277324597125116,0.2502384647833002,-0.10578477308339485,-0.04984889824024544,0.16145363975191446,0.027792517185985632,-0.09327896135250435,0.057373994271065376,0.4284909339345759,0.2989862910462941,1.909331195287276,True
0.6,corr-lo,4,0.07114661719957405,0.08294536322343572,0.8850886944977325,0.7771569440019613,-0.26950753438628694,0.26398748874159167,-0.11080502679889492,-0.056773762621224154,0.16636545873781905,0.02929759119072206,-0.06838751506049456,0.070670264468919,0.5593212452461014,0.38664838806172547,2.5337749270497016,True
0.6,corr-lo,5,0.08141128017505306,0.09650812735952995,0.8729955974251843,0.794376252680212,-0.29870931572062975,0.2725434925879366,-0.13729215956454022,-0.06487945403752349,0.17125133707912468,0.030133124032038827,-0.04329181869704324,0.08388953354870399,0.6901515565576267,0.47431048507715695,3.1582186588121273,False
0.6,corr-lo,7,0.10152540066925808,0.1256742529277095,0.8443110025041637,0.7995169555182147,-0.35456997490327646,0.2863338913481135,-0.18879051430861493,-0.08100898818096149,0.18094077729630312,0.02971353207573091,0.007489007831254613,0.11007029177646932,0.9518121791806773,0.6496346791080196,4.407106122336978,False
0.6,corr-lo,10,0.13056728474027524,0.1719283574906698,0.8105203146073442,0.8016452906050318,-0.4322612171753184,0.3020564407639633,-0.2624873678458962,-0.10573806932095259,0.19525124172193295,0.02354516751434499,0.08504341332634646,0.14859376276115555,1.3443031131152534,0.912620970154314,6.280437317624254,False
