,regt,pm,opt_notional
2007-02-16,0.4426116355593653,0.05843280221011335,1.794
2007-03-16,0.566864788655707,0.11734482343246046,4.92
2007-04-20,0.4726820472089067,0.07077854873023202,2.028
2007-05-18,0.9341844603862023,0.15613650446951943,6.21
2007-06-15,0.573599294189227,0.10584188777841408,4.992
2007-07-20,0.5090723858039208,0.09837316911549951,4.524
2007-08-17,0.687029141581291,0.10796170310355126,5.622
2007-09-21,0.49739434234698326,0.08641952812569825,4.434
2007-10-19,0.5320837066139862,0.08309998521659524,4.662
2007-11-16,0.5846780870795922,0.08960047865299191,4.986
2007-12-21,0.5069566862442161,0.08626201588626659,4.518
2008-01-18,0.5747696370447901,0.07828006810964284,4.878
2008-02-15,0.5535033208843747,0.07374453162300729,4.752
2008-03-20,0.0053774470125910025,0.0012394569536506297,0.036
2008-04-18,0.022465839254024778,0.006699287011766512,0.1636363636363636
2008-05-16,0.4936409563639902,0.05933622353762662,2.1272727272727274
2008-06-20,0.011370238595056053,0.0024300429264444393,0.07272727272727272
2008-07-18,0.026918244273277263,0.006768573295645302,0.1818181818181818
2008-08-15,0.48460774910731297,0.047528752300483035,2.0727272727272728
2008-09-19,0.05383490283310842,0.009616572641899012,0.29090909090909095
2008-10-17,0.17291145825546883,0.021741637280517347,0.8632653061224509
2008-11-21,0.0298547930030372,0.0028900213222363734,0.11020408163265304
2008-12-19,0.5277771486167205,0.0457884032540419,4.398367346938776
2009-01-16,0.10535977316761161,0.015739998464493546,0.569387755102041
2009-02-20,0.025617381923536613,0.0021917371750280316,0.0909090909090909
2009-03-20,0.006504840811614733,0.0010850825653205894,0.03636363636363637
2009-04-17,0.020990128044315513,0.002945857432909301,0.108
2009-05-15,0.02156331262780371,0.004914831290921739,0.144
2009-06-19,0.0038626963798910094,0.0004077094134349845,0.018
2009-07-17,0.03734060226868296,0.007998587202090138,0.234
2009-08-21,0.5093200030289866,0.0739201807773634,4.5
2009-09-18,0.0,0.0,0.0
2009-10-16,0.03853735632387451,0.010480113882977005,0.27
2009-11-20,0.5090041460818777,0.08037335425349805,4.518
2009-12-18,0.003384822537431074,0.000446083878157501,0.018
2010-01-15,0.03878470866390657,0.012333514701223567,0.288
2010-02-19,0.507127508398309,0.08678659433652755,4.518
2010-03-19,0.0,0.0,0.0
2010-04-16,0.03228667767320179,0.009827970761242692,0.234
2010-05-21,0.5233007461449944,0.055663457597807615,4.5
2010-06-18,0.5064256763446705,0.08135385616076193,4.5
2010-07-16,0.5384324497204199,0.07014735009394141,4.662
2010-08-20,0.509023008452538,0.0725476570938451,4.5
2010-09-17,0.5047697518609388,0.0852898661510727,4.5
2010-10-15,0.007698478843696376,0.0021479494189896374,0.054
2010-11-19,0.006718316769065839,0.002758119847465211,0.054
2010-12-17,0.01871231542865139,0.006694167187369194,0.144
2011-01-21,0.013511176527083156,0.005429725320103949,0.108
2011-02-18,0.0,0.0,0.0
2011-03-18,0.5107103729784115,0.07998320549275235,4.536
2011-04-15,0.4848720818828532,0.06015171332045733,2.07
2011-05-20,0.004268778086423173,0.002023403914121639,0.036
2011-06-17,0.004593583545324775,0.0017202843690924383,0.036
2011-07-15,0.030580658017704734,0.010664210946162947,0.234
2011-08-19,0.5480483219674155,0.051314234170119676,4.608
2011-09-16,0.5361496171954098,0.06197795066334505,4.608
2011-10-21,0.008150891263268166,0.001838594170434905,0.054
2011-11-18,0.5261254807183667,0.06277164796257767,4.554
2011-12-16,0.009800108570910739,0.0030770455418514396,0.072
2012-01-20,0.004659299474512735,0.00167540232243989,0.036
2012-02-17,0.0,0.0,0.0
2012-03-16,0.014316692443140067,0.004819039842237916,0.108
2012-04-20,0.01727152845423165,0.00588566221383675,0.126
2012-05-18,0.0046018671204736475,0.0017255708698464005,0.036
2012-06-15,0.01630799053693084,0.0059428377804029535,0.126
2012-07-20,0.015567863433482794,0.006528121837100826,0.126
2012-08-17,0.011498626137632457,0.004474981210465597,0.0909090909090909
2012-09-21,0.45723746474180516,0.05877236639879163,1.8545454545454545
2012-10-19,0.030861792275474063,0.011171889481315974,0.23636363636363633
2012-11-16,0.0142655818065105,0.005038824476719936,0.10909090909090907
2012-12-21,0.00551710929248643,0.00041841198068189576,0.018181818181818184
2013-01-18,0.015610516442199894,0.006899992984307057,0.12857142857142853
2013-02-15,0.023006468680955745,0.009254220861935922,0.18367346938775506
2013-03-15,0.01576491748755329,0.006543827964480764,0.12727272727272726
2013-04-19,0.0335708260525459,0.014209657460378023,0.2727272727272727
2013-05-17,0.022885923289048506,0.00921141486656036,0.1818181818181818
2013-06-21,0.009148862211810174,0.0035939063050993655,0.07272727272727272
2013-07-19,0.03172391271741058,0.012928737174715585,0.2545454545454545
2013-08-16,0.016318769554974837,0.004461158371459378,0.10909090909090907
2013-09-20,0.004546303270145912,0.001825045831902343,0.03636363636363637
2013-10-18,0.4734072304947084,0.06648630146789879,1.981818181818182
2013-11-15,0.014889681538238522,0.004705861283948336,0.10909090909090907
2013-12-20,0.0,0.0,0.0
2014-01-17,0.4917399903727537,0.07001288415372073,2.124
2014-02-21,0.01650515825984872,0.005770712344920551,0.126
2014-03-21,0.004441513316795392,0.0018635766235256855,0.036
2014-04-17,0.04026998218914272,0.01658689388626093,0.324
2014-05-16,0.02052955900881446,0.008046441433637154,0.162
2014-06-20,0.4564578767556062,0.06297791671348381,1.836
2014-07-18,0.48170789505762607,0.07213170728308017,2.052
2014-08-15,0.5180886731097061,0.10819630916142384,4.626
2014-09-19,0.004389604268491222,0.0019125655401528846,0.036
2014-10-17,0.6006294058545393,0.10908639672162841,5.202
2014-11-21,0.013747965837504856,0.005255492409485847,0.108
2014-12-19,0.0,0.0,0.0
2015-01-16,0.5587887713893146,0.09711747685495851,4.896
2015-02-20,0.009376777138813065,0.003312679793784271,0.072
2015-03-20,0.002270963730192835,0.0008840125201629057,0.018
2015-04-17,0.06600015933978833,0.025633882358524568,0.522
2015-05-15,0.009862553419570628,0.00310124906898261,0.072
2015-06-19,0.5110197647369259,0.10635466877564875,4.572
2015-07-17,0.49096125757625075,0.06955481593222872,2.1090909090909093
2015-08-21,0.5685405581129688,0.08630154733613192,4.922448979591836
2015-09-18,0.5175072163601773,0.08301281843192827,4.591836734693877
2015-10-16,0.039559194045770005,0.012593672371890643,0.29387755102040813
2015-11-20,0.007136315580135714,0.002566638634130428,0.055102040816326525
2015-12-18,0.5123448270717691,0.08652936746820505,4.555102040816327
2016-01-15,0.6327612438444351,0.092714589146655,5.289795918367348
2016-02-19,0.5244680005966196,0.08745952288583013,4.646938775510204
2016-03-18,0.011357765707812885,0.004739566281968328,0.09183673469387753
2016-04-15,0.5198779474090366,0.07476900993613007,2.3326530612244896
2016-05-20,0.5037119889620826,0.09613592277223243,4.518367346938776
2016-06-17,0.5153785213878627,0.09291631640166957,4.572
2016-07-15,0.49226997316571297,0.07001155004810951,2.124
2016-08-19,0.002554444054302453,0.0006821688372050945,0.018
2016-09-16,0.5115062446246575,0.09525013737538732,4.536
2016-10-21,0.043793972714352196,0.016622443955045686,0.342
2016-11-18,0.017206732763180802,0.005387295897023464,0.126
2016-12-16,0.4530187888726747,0.0546704010192975,1.818
2017-01-20,0.5021607839266173,0.07890819823751123,2.196
2017-02-17,0.013603641943908642,0.005359024825863292,0.108
2017-03-17,0.011187704433444834,0.0046059979656330125,0.09
2017-04-21,0.06227935355760919,0.025998563745064582,0.504
2017-05-19,0.010822649829796582,0.0049277655137478504,0.09
2017-06-16,0.46617437050629057,0.06411445797537092,1.908
2017-07-21,0.5044929402715488,0.08329406969559391,2.214
2017-08-18,0.5131540773235614,0.10575253962959973,4.608
2017-09-15,0.4573182952037946,0.06279751726709625,1.836
2017-10-20,0.49947613120526596,0.08243885968160682,2.178
2017-11-17,0.46151530759419523,0.06199228820975773,1.89
2017-12-15,0.46007850193955663,0.06051180982636585,1.854
2018-01-19,0.5233151947437493,0.08595559143533554,2.358
2018-02-16,0.521014703528969,0.09998770237035828,4.644
2018-03-16,0.4596407887771535,0.05444968106962377,1.872
2018-04-20,0.5419893407218017,0.08167149529327618,2.502
2018-05-18,0.01597171128641239,0.006157663424862662,0.126
2018-06-15,0.4650675204651185,0.060649016852866375,1.89
2018-07-20,0.5232733487916139,0.08606954967439233,2.358
2018-08-17,0.4629695356712824,0.06162207136734947,1.89
2018-09-21,0.462965890667472,0.06396277656798387,1.89
2018-10-19,0.6149358502338483,0.12833708407429903,5.346
2018-11-16,0.5415152236980866,0.0947930716685053,4.752
2018-12-21,0.5439626794943903,0.07532008129942154,4.698
2019-01-18,0.06513535208524168,0.023572198212298365,0.504
2019-02-15,0.5319823088464043,0.1098589790318522,4.734
2019-03-15,0.45817186685180666,0.057166765590685724,1.8551020408163266
2019-04-18,0.5493053334245706,0.0926959808165252,2.556
2019-05-17,0.5236154987161643,0.09797199639294427,4.644
2019-06-21,0.019552164378983647,0.0055680519735846045,0.126
2019-07-19,0.5144914278666739,0.07890966432534656,2.304
2019-08-16,0.5264628102982188,0.0901554675928921,4.644
2019-09-20,0.004703061351392438,0.0016359712185288404,0.036
2019-10-18,0.5211419839995416,0.07723786024848513,2.34
2019-11-15,0.4753092129518073,0.06324459952942327,1.98
2019-12-20,0.4552371607352132,0.05852381494066579,1.836
2020-01-17,0.5227975206549644,0.08128532251094046,2.34
2020-02-21,0.03722994345870646,0.013495996184201204,0.288
2020-03-20,0.7442355365327538,0.05590763481018683,5.436
2020-04-17,0.6065360965059167,0.07143811148055675,5.004
2020-05-15,0.5663073663086874,0.07291956206537888,4.806
2020-06-19,0.5249147671959075,0.06898259859647346,4.554
2020-07-17,0.06371269789020072,0.015413999245330127,0.432
2020-08-21,0.004629244595287165,0.0016907967628641313,0.036
2020-09-18,0.0023512670969009423,0.0008144913362669333,0.018
2020-10-16,0.06044615036019391,0.015143319239162576,0.414
2020-11-20,0.005186451353514229,0.0013297524359622843,0.036
2020-12-18,0.0027703341834892964,0.0005826279088348299,0.018
2021-01-15,0.023757139717981494,0.005804280977851432,0.162
2021-02-19,0.01005461266258865,0.002820279216962775,0.072
2021-03-19,0.0072706158828853935,0.002284991090794402,0.054
2021-04-16,0.503271814773613,0.06627154713813808,2.178
2021-05-21,0.004681274010740458,0.001673628373852739,0.036
2021-06-18,0.011759278608635694,0.0040860903857265745,0.09
2021-07-16,0.48900555985596317,0.05981451403714768,2.088
2021-08-20,0.46193251138158126,0.054621145466914205,1.89
2021-09-17,0.009324242597739923,0.003341126354717463,0.072
2021-10-15,0.4873235780853175,0.06175549269510463,2.07
2021-11-19,0.4610601731151529,0.05266323837045152,1.872
2021-12-17,0.0051433636295625,0.0013413821091674718,0.036
2022-01-21,0.6005631960376318,0.09317687303364873,5.094
2022-02-18,0.5410615433014774,0.07600198071773898,4.68
2022-03-18,0.014578571521961904,0.002993445831273575,0.09
2022-04-14,0.04371820506880503,0.01158318041412704,0.306
2022-05-20,0.5485342473423896,0.07224336756683206,4.698
2022-06-17,0.5312502354550022,0.06517861978981612,4.572
2022-07-15,0.05172775171583804,0.011808704357943586,0.342
2022-08-19,0.009432405701167905,0.003249725044427807,0.072
2022-09-16,0.5222193925217098,0.0640782995634703,4.518
2022-10-21,0.5739874156468078,0.07698651584767793,4.86
2022-11-18,0.014980715575522554,0.004440797712171903,0.108
2022-12-16,0.5157981690485346,0.07236961768231466,4.518
2023-01-20,0.5186758478493151,0.06336015486748765,2.304
2023-02-17,0.028985641229022453,0.00938978573446045,0.216
2023-03-17,0.5357872918554456,0.07152925268926826,4.626
2023-04-21,0.5216858345499439,0.07167851162351761,2.34
2023-05-19,0.4680848543180639,0.05529053174014239,1.944
2023-06-16,0.45702835221986665,0.05241587185065724,1.836
2023-07-21,0.5688217873925282,0.09565328023755029,2.682
2023-08-18,0.4752146436553084,0.05468075518919285,1.998
2023-09-15,0.45617331802157257,0.05279752588879283,1.836
2023-10-20,0.09375325122302167,0.02824969029236178,0.684
2023-11-17,0.47707725817825997,0.06119693367048196,1.998
2023-12-15,0.46128509991008104,0.055639879060936606,1.872
2024-01-19,0.5456118392281694,0.0855042845079629,2.502
2024-02-16,0.49459838363485265,0.06947702329862614,2.106
2024-03-15,0.4707859204557836,0.053705077365545945,1.926
2024-04-19,0.5729998676335049,0.08406863668629021,2.7
2024-05-17,0.4822007994685208,0.06352160944655842,2.016
2024-06-21,0.47669815372546004,0.061593145748005555,1.98
2024-07-19,0.5776218876183258,0.08959567570862612,2.718
2024-08-16,0.48175872645580436,0.05825122495405217,2.016
2024-09-20,0.46463457718248324,0.056638115102217904,1.89
2024-10-18,0.5820995884467709,0.0893299503475035,2.754
2024-11-15,0.49632534519773563,0.058986513220023074,2.1090909090909093
2024-12-20,0.45700408692210875,0.04839980674149062,1.8545454545454545
2025-01-17,0.5647059290995732,0.08026333983248275,2.5818181818181816
2025-02-21,0.49482083271049293,0.061071322773660244,2.088
2025-03-21,0.9777939066137501,0.1391607486125279,6.462
2025-04-17,0.652294124268616,0.09727684874219134,5.4
2025-05-16,0.491364496449628,0.0560359693982418,2.07
2025-06-20,0.5103147867257578,0.08872669996464753,4.536
2025-07-18,0.5554178521352245,0.08083238564767607,2.538
2025-08-15,0.49352344764117934,0.06060556989809594,2.07
2025-09-19,0.4695144169722744,0.05622631719964415,1.908
2025-10-17,0.1402776087706485,0.03335718381013892,0.936
2025-11-21,0.5386369573068235,0.08551901958748208,4.662
2025-12-19,0.45551003948639246,0.053537284866054656,1.818
2026-01-16,0.5450112342314681,0.07175899102165506,2.412
2026-02-20,0.47726395275919276,0.05183819464930947,1.962
2026-03-20,0.5205488890365093,0.07588843129120369,4.536
2026-04-17,0.5549517329536,0.07687922864493493,2.502
2026-05-15,0.4893129208006323,0.053844122721759057,2.016
2026-06-18,0.47320841990723594,0.0535162746487987,1.926
2026-07-17,0.587686097123575,0.07081248822474567,2.574
2026-08-21,0.4616545590185325,0.05290323149612238,1.836
2026-09-18,0.45689107921371036,0.0599602242591135,1.818
