tlt,w_mom,L_book,w_tlt,cagr,vol,sharpe,maxdd,calmar,worst_month,regt_med,regt_p95,regt_max
TLT shares (50%),0.3,0.5,0.15,0.05941920279979063,0.05896657882066982,1.0152196604792083,-0.08217899886756008,0.7230460776913429,-0.057648100116121204,0.3825232314294582,0.49299417110083893,0.6732567214550511
TLT shares (50%),0.45,0.75,0.22,0.08005066591152032,0.08813313561813305,0.9257148559989627,-0.12189945737127206,0.6566941940332689,-0.08716570749787833,0.5739742439924167,0.7362589174192282,1.0337503168559365
TLT shares (50%),0.6,1.0,0.3,0.10042422996574252,0.11754077567096087,0.8813460547754639,-0.16013208395551226,0.6271337228936724,-0.11633060045429311,0.7658636258407214,0.9852922460123202,1.419117547701624
TLT shares (50%),0.75,1.25,0.38,0.12019553588026621,0.14701565675008957,0.854360211209727,-0.19726511745909758,0.6093096307571381,-0.14496740789049056,0.9554317017626801,1.2399253217722523,1.8258067706246528
TLT shares (50%),0.9,1.5,0.45,0.1390008775233682,0.1763826296629669,0.835197288966226,-0.23365252784562596,0.5949042315313874,-0.17290773198808307,1.1460481011395247,1.486475553746319,2.249996288439152
TLT shares (50%),1.0,1.0,0.5,0.14016971794085253,0.19475665421600294,0.7795376241607143,-0.2575367360213182,0.5442707712551333,-0.1946878125516922,0.9610011945035696,1.2968546272194543,1.8583610016992325
TLT shares (50%),1.0,2.0,0.5,0.15677088661736627,0.1971741609836796,0.8467153965584695,-0.2581309501174214,0.6073308394287963,-0.18961106678602924,1.4259092607900874,1.834568440943682,2.901143173216485
TLT shares (50%),0.75,3.75,0.38,0.16023324867584465,0.1649374874180452,0.9940140982273018,-0.216391489466929,0.7404785145227859,-0.13783696351690178,2.027199226510543,2.584691835393162,4.4406596592923915
TLT shares (50%),1.0,5.0,0.5,0.20496368338559967,0.22010754127603843,0.9683666813940948,-0.28268076193403857,0.7250712145505904,-0.18222623411688044,2.685023152596913,3.4750690325468376,6.35231851461795
TLT via /ZB futures (4%),0.3,0.5,0.15,0.05941920279979063,0.05896657882066982,1.0152196604792083,-0.08217899886756008,0.7230460776913429,-0.057648100116121204,0.35625714317897683,0.43056654865845395,0.6020312369731611
TLT via /ZB futures (4%),0.45,0.75,0.22,0.08005066591152032,0.08813313561813305,0.9257148559989627,-0.12189945737127206,0.6566941940332689,-0.08716570749787833,0.5337236484109866,0.6444149417178664,0.9249738265670844
TLT via /ZB futures (4%),0.6,1.0,0.3,0.10042422996574252,0.11754077567096087,0.8813460547754639,-0.16013208395551226,0.6271337228936724,-0.11633060045429311,0.7114528298282311,0.8611419363519368,1.2667929153622268
TLT via /ZB futures (4%),0.75,1.25,0.38,0.12019553588026621,0.14701565675008957,0.854360211209727,-0.19726511745909758,0.6093096307571381,-0.14496740789049056,0.8889660033034414,1.0791645360288804,1.6275245201156672
TLT via /ZB futures (4%),0.9,1.5,0.45,0.1390008775233682,0.1763826296629669,0.835197288966226,-0.23365252784562596,0.5949042315313874,-0.17290773198808307,1.0644391769289192,1.297360400140596,2.008487149216273
TLT via /ZB futures (4%),1.0,1.0,0.5,0.14016971794085253,0.19475665421600294,0.7795376241607143,-0.2575367360213182,0.5442707712551333,-0.1946878125516922,0.913424212766486,1.080423517404006,1.588806315285119
TLT via /ZB futures (4%),1.0,2.0,0.5,0.15677088661736627,0.1971741609836796,0.8467153965584695,-0.2581309501174214,0.6073308394287963,-0.18961106678602924,1.3149430215145064,1.6293617670683722,2.6255658043065395
TLT via /ZB futures (4%),0.75,3.75,0.38,0.16023324867584465,0.1649374874180452,0.9940140982273018,-0.216391489466929,0.7404785145227859,-0.13783696351690178,1.889196883378712,2.4610977782459185,4.230796924009751
TLT via /ZB futures (4%),1.0,5.0,0.5,0.20496368338559967,0.22010754127603843,0.9683666813940948,-0.28268076193403857,0.7250712145505904,-0.18222623411688044,2.512224906315584,3.3007862417462848,6.055861713190304
