sleeve,w_eq,k,cagr,vol,sharpe,sortino,maxdd,calmar,worst_month,worst_12m,pm_med,pm_max,y2008,y2020,y2022
10 stocks (line A),0.75,1.0,0.17413612335560558,0.16874340574648095,1.0447763298365587,1.1140164093245222,-0.24648858105041827,0.7064673041384693,-0.14713196969642128,-0.0937098166325393,0.3901341589320313,0.9821266677403133,-0.04850865067875154,0.4355722433104914,0.023087740329640116
10 stocks (line A),1.0,1.0,0.19489268590081021,0.20890838013502133,0.966975504554303,1.023747924956577,-0.2920332825002401,0.6673646381406886,-0.1812877256916663,-0.13810328795993576,0.4244125933660017,1.0446266677403133,-0.09900228026105773,0.46654791289461084,0.011699960424612188
sector mom top3,0.75,1.0,0.16676675082820158,0.12737289183865122,1.2753557096053563,1.363954942486584,-0.21991308359447703,0.7583302825934719,-0.1471319696964215,-0.06313048400986232,0.3511664500379184,0.7946266677403133,0.07352267751095298,0.4471932508447831,0.05272533179143157
sector mom top3,1.0,1.0,0.18883102647683803,0.14586805870989783,1.2608284654181825,1.3133658354304234,-0.25648019927273424,0.7362401737532968,-0.14713196969642117,-0.08269459778413524,0.3721717831447219,0.7946266677403133,0.061540415569422136,0.48848189683148857,0.051003643331693826
sector mom top4,0.75,1.0,0.16362011044353197,0.12582638534798485,1.2679347054949759,1.3824211528608543,-0.2421837752850884,0.6756031045057638,-0.14713196969642117,-0.07608414091436899,0.3511664500379184,0.7946266677403133,0.06541528265555563,0.3937205288180412,0.043160622115341996
sector mom top4,1.0,1.0,0.18457617736643983,0.14325007122316308,1.256138077430792,1.313860827790533,-0.2861098312385685,0.6451235057789179,-0.1471319696964214,-0.09986885607369322,0.3721717831447219,0.7946266677403133,0.05073108536427995,0.41402625100911417,0.03839630289923979
sector mom top3 + own 200d,0.75,1.0,0.16369500413263838,0.1268252554129842,1.2593267411935933,1.328959654421039,-0.2199130835944776,0.7443622792106993,-0.1471319696964215,-0.0631304840098621,0.3511664500379184,0.7946266677403133,0.07352267751095298,0.4471932508447838,0.08497563631282046
sector mom top3 + own 200d,1.0,1.0,0.18473242227628495,0.14507420845751764,1.2428969338843898,1.2786819507269906,-0.2564801992727338,0.7202599764040487,-0.14713196969642117,-0.08269459778413446,0.3721717831447219,0.7946266677403133,0.061540415569422136,0.48848189683148857,0.09397709719787439
all sectors above own 200d,0.75,1.0,0.16482501339538191,0.13500850822529264,1.198933574355714,1.160807889988387,-0.31106705221317577,0.5298697249441465,-0.14713196969642128,-0.22008535869503132,0.41312933660755446,0.7946266677403133,-0.11056817927063367,0.43189846633003737,-0.03232766841916335
all sectors above own 200d,1.0,1.0,0.18560458228558385,0.1578808803775494,1.1604077537438817,1.0770735399958395,-0.37064846016901454,0.5007563830184233,-0.16751869582470325,-0.28056431697358664,0.44089368702183523,0.7946266677403133,-0.17785198782642486,0.4666851733064725,-0.06543882121428513
ES,0.75,1.0,0.17335777556718734,0.14868608549150814,1.1596630601563966,1.157188322976653,-0.4381671969835841,0.39564298003276177,-0.18006680563403088,-0.3298140371300686,0.35483927915994623,0.8396266677403132,-0.20937659829499766,0.46933926086942046,-0.09726108673417422
ES,1.0,1.0,0.19418758799638125,0.17857901465893888,1.0954165724335294,1.0613837335587886,-0.5381397941793716,0.3608497087499443,-0.1951635559355307,-0.429322067150804,0.36983927915994624,0.8546266677403134,-0.30754482087961443,0.487723363086485,-0.14828915354224304
sector mom top3,1.0,0.75,0.1452721683507867,0.10922204955302285,1.297017969495481,1.3561264061380223,-0.19241296692618381,0.7550019661955427,-0.11162648169583678,-0.061208558040462546,0.27912883735854144,0.595970000805235,0.05224361975125613,0.3584312498273088,0.04294404967738452
sector mom top3,1.0,1.0,0.18883102647683803,0.14586805870989783,1.2608284654181825,1.3133658354304234,-0.25648019927273424,0.7362401737532968,-0.14713196969642117,-0.08269459778413524,0.3721717831447219,0.7946266677403133,0.061540415569422136,0.48848189683148857,0.051003643331693826
sector mom top3,1.0,1.25,0.23251558457129518,0.1826991754859533,1.2390703234533957,1.3059135100164052,-0.32040128021873737,0.7257011720195288,-0.18178789389778038,-0.10449610233231288,0.4652147289309023,0.9932833346753915,0.06999239279435487,0.6231899080099688,0.05876895962192208
sector mom top3,1.0,1.5,0.27621911355001605,0.21972867250275688,1.2245176128932358,1.2911791373403625,-0.3841805467717866,0.718982561379136,-0.21562286103316608,-0.12659051621386075,0.5582576747170829,1.19194000161047,0.07758338457504976,0.7614734632791105,0.06623120831676577
