variant,cagr,vol,sharpe,sortino,maxdd,calmar,maxdd_monthly,calmar_monthly,worst_month,best_month,months,years,pct_pos_months,var95_m,cvar95_m,skew_m,kurt_m,dd_duration_days,worst_3m,worst_12m,beta,corr,down_beta,avg_in_spy_down_m,avg_in_spy_worst10,calmar_2h,sharpe_2h,hedge_turnover_x_book,y2007,y2008,y2009,y2010,y2011,y2012,y2013,y2014,y2015,y2016,y2017,y2018,y2019,y2020,y2021,y2022,y2023,y2024,y2025,y2026
1x_30-10_naked_W,0.03952291358125448,0.021033650838248263,1.8486393577436864,2.3778665291720444,-0.054498744361983875,0.7252077831140651,-0.03427404738761419,1.1531440431962845,-0.012466510813585518,0.025333373242210078,237,19.668720054757017,0.7215189873417721,-0.005736155849609315,-0.0094422424962321,0.5096912427198093,1.4332287660100014,556,-0.02194392105551657,-0.02743682510388179,0.04100111918029571,0.29957413355627793,0.020438705268645444,0.0005420896845101164,-0.0008562160798672336,0.8265821589725292,1.9490544126502223,0.3554110500694572,0.048069295380988475,0.06212612463010925,0.030334431290798713,0.0543563508860041,0.008717324622282474,0.06156120558437972,0.0060695262212622225,0.017356348863359683,0.01834351812864754,0.03467358103090934,0.03646895653034643,0.014237057759138638,0.05252739554572372,-0.008314526784051313,0.02257646195588281,0.007870181806772125,0.10460424316515238,0.06181388704634183,0.10436946638509781,0.04781962114672944
1x_30-10_naked_nohedge,0.032099770820822826,0.024547224991742986,1.2957202649040704,1.231492962922596,-0.04330130784070041,0.7413118083849451,-0.02610185536599019,1.22978885488147,-0.023060729899586296,0.026291851575071634,237,19.668720054757017,0.7046413502109705,-0.009846204463174324,-0.015321085692228842,-0.3465959709249145,2.103047924414837,680,-0.024832878585763107,-0.023463864213330132,-0.013521689859003845,-0.08465484676599325,0.042755909394775776,0.0017485888472472317,-0.0002995472825559675,0.7459985917865894,1.144660074593968,0.0,0.0745755812500255,0.06557589206984837,0.027388033590187266,0.0333940826007193,0.022102755746744585,0.06362279351094569,-0.005172282457907906,0.005614218527835613,0.008879475642655121,0.02748170711637199,0.01800917033133298,0.0071526476199264,0.01407926163390849,-0.005846814185443416,0.018150291963444865,0.02253318905006152,0.05942631476914095,0.055142773839119696,0.10299375898919672,0.023704665032474814
1x_30-10_naked_D,0.037215834919585244,0.020641055474972424,1.7758618526662546,2.840881868906475,-0.039207887718677226,0.9491925498923769,-0.03202166484203928,1.1622079958418297,-0.009783907670066871,0.028665230504986816,237,19.668720054757017,0.679324894514768,-0.004883410105979258,-0.007337534390970522,0.8765633622817889,1.6159025843279582,365,-0.01867543700221752,-0.023750207735112605,0.04584604066535903,0.34134472425935297,0.012277505332047543,0.0006393952056888544,-0.0002367837841820486,1.169127347130807,2.037951367375585,0.8262409051526985,0.06366975250972629,0.0366131589675176,0.019512737503750044,0.0431164788915217,0.014247804304996059,0.04272128975759992,0.002072025716801429,0.02077633462200512,0.019551126566355714,0.027121165617395082,0.026947921953248244,0.023915604458160322,0.056854244200839954,0.003197740785641834,0.02570836360982587,-0.00940875116096207,0.10087253324597145,0.07084567956734467,0.0977378331601606,0.053680520457359604
1x_longcall_naked_W,0.03463683277720331,0.02943327216203679,1.168232002732376,1.7639887196621773,-0.060403741694516344,0.5734219736316063,-0.055450212194781634,0.6246474342701063,-0.02007303226938928,0.05334774782953278,237,19.668720054757017,0.620253164556962,-0.007899674131868694,-0.012434498114354967,1.5100280766684753,6.002644944721583,798,-0.031180228973457513,-0.03910090062790972,0.03158245689563168,0.16490378593192603,0.022641691875598703,0.0008305786318108382,0.00042586615817623573,1.1090514804287974,1.3886321823709538,0.24912477859451151,0.045070976227229886,0.03374199066396821,-0.004460466625952342,0.03549200349411219,-0.009185882942141288,0.05795286369224817,-0.003481617306801521,0.013565273936042344,0.01168413772189325,0.026539026228127538,0.03102686277350153,0.009678045699804017,0.03646678080560206,0.00284120143434774,0.021445869176733634,-0.009555066702072623,0.09336848756743499,0.06088103212418261,0.10059952628177782,0.1416471710691949
1x_30-10_regT_1d_W,0.03733866158972643,0.02072485473352828,1.774484588124835,2.2865382153514555,-0.05404409584322312,0.6908925203974622,-0.03464437603673254,1.0777697814542022,-0.012720053643081708,0.02498983990061121,237,19.668720054757017,0.7172995780590717,-0.005570881618951495,-0.009401784879866565,0.544763057411682,1.4671601235878904,668,-0.022744996950181062,-0.028417979886951827,0.03825794926991011,0.2836961567853342,0.019892844254832058,0.00044302809859027986,-0.000893638582414713,0.7984971691176265,1.9050825479165745,0.34741211892468676,0.0466550605041498,0.05961006529962809,0.027288942196937116,0.0503757016884403,0.006289429894085652,0.05940887972112452,0.003157994561675981,0.016019722324042807,0.016094496063751906,0.03212384319569894,0.03472798588023518,0.018728123614073944,0.04928995214693188,-0.009809811056437412,0.02037792963192242,0.006296633633572357,0.09879377171834602,0.059349895404681385,0.10239879592298862,0.04507205877030329
1x_30-10_regT_5d_W(rejected),0.025417826312357006,0.020063274473368916,1.2571503772709647,1.547474536834994,-0.05499611767650958,0.4621749204528611,-0.03937800638167943,0.6454828125626649,-0.014410821384807981,0.02266072683334608,237,19.668720054757017,0.6540084388185654,-0.006869284724773372,-0.009735771772189067,0.4939655519916689,1.3844666654863382,1095,-0.026864060259326084,-0.03625210617327024,0.02029368907440933,0.15544703699436324,0.015920873720028598,9.52682751938383e-05,-0.0008050595385210247,0.5777473155215631,1.457319028409314,0.2956555421549932,0.04060573317116223,0.04725005582181607,0.011068926317176597,0.029733173991659312,-0.00543732118755802,0.04785098505181673,-0.010282144982741048,0.008321684316072497,0.004968642210314789,0.019435289774717424,0.02535939296459211,0.01877578139822189,0.032270313363392145,-0.019800093035113875,0.00816630397925211,-0.0017650067202328312,0.0795570751184993,0.04732854329368252,0.09183956876259769,0.03203497294790103
1x_30-10_gs_W,0.04840172553698574,0.021014328059226317,2.254810001805196,2.881352410648175,-0.04685243318021648,1.0330674898101866,-0.027284591356957266,1.7739582353922203,-0.011712191499582358,0.0260791086724097,237,19.668720054757017,0.7805907172995781,-0.005093824944221725,-0.008689339024860862,0.529703442292389,1.4566346897163611,398,-0.019728190135639645,-0.018819892002446603,0.04097774641536859,0.29967866363655427,0.018371493824618723,0.0012698176379871405,4.1879717307291564e-05,1.1375807802356905,2.297247916129626,0.35679076162302403,0.05657615789390813,0.07453951658873637,0.04362517871705229,0.06463504128636033,0.01816626614227146,0.07078244840556258,0.01397172180594608,0.024818999120075347,0.02624506345973998,0.04235861608779268,0.04357116258071292,0.021815395691839212,0.06003763668378492,0.0009190822065452409,0.030536678162221387,0.01666242177783306,0.11266154059247024,0.06950087289610485,0.11328885516841081,0.05540061094235038
5x_30-10_naked_W,0.14848801055849625,0.10128438209309389,1.4185092030555555,1.8089132029256236,-0.24853025247025773,0.5974645303040772,-0.1642288766285359,0.9041528725447996,-0.06459539986816865,0.11369450515067414,237,19.668720054757017,0.6666666666666666,-0.032786769664241586,-0.048710797472668745,0.560473853973184,1.4847914136349822,635,-0.10632341759808817,-0.14487731240559065,0.20518289444792737,0.3113306867915587,0.0802808169717774,-0.0017577519383913623,-0.007050385652747548,0.5453582460178726,1.234144709627961,0.36687707989005247,0.06354979490569268,0.26750438013969435,0.17180337323213002,0.3106052891418747,0.05761404153559102,0.3562869094255483,0.04448297720735228,0.1033673585691337,0.10342900467568872,0.1837679238305816,0.16541858250545616,0.009256607149194629,0.19814846075696413,-0.05233670040496308,0.1170108086954913,-0.02295903828526258,0.3444852995970715,0.10397229992811874,0.38919122108627247,0.13336756351180212
5x_30-10_ES_SPAN_W,0.14997806925500878,0.10129038913497668,1.4313197373529964,1.832250481690943,-0.24723142066389658,0.6066302933998802,-0.16297511717897006,0.9202513356091736,-0.06449175280056829,0.11383365785519972,237,19.668720054757017,0.6666666666666666,-0.03271682917216125,-0.04858120264015788,0.5623466414519962,1.4874367405430395,635,-0.10593012653790534,-0.14340577093491869,0.20521237490931027,0.31135695228914606,0.0795321496211379,-0.0016446654667497383,-0.006883094951028424,0.5537215296759719,1.245295972677333,0.36697739274269114,0.06470194296946419,0.2700997641056777,0.17432553807799156,0.31267798405660985,0.059233088433460424,0.357930069125483,0.045583583373178804,0.10439290736207685,0.10471936495313905,0.18501167118495565,0.16624780514982973,0.010265281387641378,0.19944757438502947,-0.050551740781245136,0.11843140489861015,-0.021304144488549448,0.34601095163777007,0.10505372443786443,0.3907163166610834,0.13433402271196893
5x_30-10_regT_1d_W,0.13711001140192058,0.09974318013150218,1.3384130397386025,1.75908354590085,-0.24624599181560636,0.5568009874637518,-0.1664085133931278,0.8239362794979626,-0.06286163310581105,0.11200248964602166,237,19.668720054757017,0.6413502109704642,-0.030105689515061318,-0.04785765542555182,0.5928822771915625,1.4773266156093707,700,-0.10864978914066326,-0.14876433715017345,0.1914663099621384,0.2950070653005962,0.07753426238018311,-0.0022228200262673775,-0.007206115899503806,0.511210628826045,1.1740802442013423,0.3580113717061444,0.05688825723460078,0.2531945039692798,0.15534997240758863,0.2872037242698111,0.045639394841112235,0.3435277696512,0.029929825943199484,0.0965939704644756,0.09198222442598492,0.16982211561764982,0.1561964197000285,0.03290023744087889,0.1804249010372323,-0.058714711923730456,0.10558090359766004,-0.030167237754609277,0.3101054270505672,0.09151809785140408,0.37744517369843433,0.11889422356158752
5x_30-10_gs_W,0.1812661477070896,0.10130210443096348,1.6983112266495908,2.1613661819272614,-0.22535940151488498,0.8043425146171103,-0.14134586387279002,1.2824297983719386,-0.06270932321234424,0.11662705025146058,237,19.668720054757017,0.7172995780590717,-0.03059621210095882,-0.04607817848646561,0.584255179287641,1.512529338394819,419,-0.09813136422682445,-0.11700220850680321,0.20520741439775553,0.31131341932735695,0.07144416015601879,0.0007052297550974876,-0.0038045243029770303,0.7503006465175495,1.5056394321146036,0.3684571527068491,0.09217761235489741,0.32002264506788713,0.22264041165616555,0.3465235834277325,0.08636822141181888,0.3882283189058269,0.06617613031750191,0.1246277897710566,0.1276343217770508,0.20807051411241972,0.1875482087232483,0.032852167070210436,0.22527002045880207,-0.019492177274006428,0.14973650008529615,0.0111844932127112,0.38240885379368317,0.13703585869413581,0.43742970092958444,0.17021555544872857
100k_5x_half_ES_W,0.1468875736963855,0.11899085622554532,1.2112330220708905,1.676843860985054,-0.21116253232756632,0.6956138102593212,-0.15216460542385057,0.9653202417686686,-0.07651998659473669,0.13548146422484075,237,19.668720054757017,0.6160337552742616,-0.03326638234582206,-0.05174045939685781,0.7844512833764985,1.6275032307626396,683,-0.12213202672056023,-0.11990418482349574,0.25174564647504594,0.3251409272587315,0.18565096448611093,-0.00214936282313232,-0.01770430346222216,0.6950758270476446,1.0982946678193994,0.3641532670055638,0.11513528740889178,0.13478478821035655,0.3621470514412517,0.3031428937527545,0.013190433746656849,0.38605083312773036,-0.11990418482349574,0.1340932902738059,0.09892310802940929,0.15257337539059201,0.09961647238908045,0.0008659265103361236,0.09836640121918427,0.08441486342793159,0.14493895947647717,-0.05369662222664229,0.3429005964442786,0.06730518170764999,0.6005491799803928,0.14020474616930922
3x_30-10_ES_SPAN_W,0.09394582758324144,0.06095161664127068,1.5025138539241456,1.8793745511150297,-0.15532845727811206,0.6048204509945887,-0.1000548625193799,0.9389431479658954,-0.03835164869970342,0.06955230533995227,237,19.668720054757017,0.6919831223628692,-0.018407316072991373,-0.029035295957237917,0.5565645090932405,1.4996687535030104,556,-0.06386357571832968,-0.08644067177972448,0.12315803705167797,0.31052801697148946,0.04994199166668975,-0.0005833115492944296,-0.0038989398116541342,0.5836502260402511,1.3663077477446333,0.3624078062414583,0.05642121532422184,0.16186444658165056,0.10092989216962,0.17795256387542158,0.03393084597311824,0.20221005725994945,0.025558909841993493,0.059920452452523865,0.061212623640300556,0.10755632512654345,0.09939555503583053,0.012488537230157304,0.12368586049626851,-0.02800589396830555,0.07054505187115345,-0.006478470536550596,0.2211830312659584,0.08313499621135922,0.24028523099069798,0.09049579465578073
5x_30-10_spec_headline_costs_W,0.17834759644323395,0.10144714249453822,1.671385094064816,2.2105385696214195,-0.21881763826751843,0.8150512813102969,-0.13529622643353578,1.3182008186373708,-0.0631935805497933,0.1171313921253585,237,19.668720054757017,0.6962025316455697,-0.03147298255597599,-0.04587778185418156,0.6149780235678247,1.5511947279923848,412,-0.09662867521802398,-0.11317191340453758,0.20572685927467832,0.311655243438344,0.05868147751162489,0.0005872095693792434,-0.002916734140495403,0.7603318873634243,1.4818389519121122,0.3679504925320596,0.08649658276237493,0.33499076898188607,0.23911900788479912,0.3454379457642016,0.08470121518983942,0.37994884987075483,0.05588836493436533,0.11162044281479466,0.119344749700796,0.19703951756650318,0.171632448088207,0.02436783903495865,0.21642819691476411,-0.012142361078070874,0.14801164958461177,0.01708960521266034,0.37820901123838846,0.13241414144886487,0.4383893677050239,0.17225777532771747
