base,k,w_mom,L_book,w_tlt,cagr,vol,sharpe,sortino,maxdd,calmar,worst_month,worst_12m,pm_med,pm_p95,pm_max,y2008,y2020,y2022
A: mom 100% + book 5x + TLT 50%,0.5,0.5,2.5,0.25,0.11344963464512547,0.10989721703353343,1.0421314436943219,1.069271775403329,-0.1463154574026918,0.7753769605687493,-0.0923335245453023,-0.05609634558098264,0.3024477128471663,0.45971991368032533,0.6246554379834629,-0.004399035819708685,0.2478749296649485,0.03320459879082893
A: mom 100% + book 5x + TLT 50%,0.75,0.75,3.75,0.375,0.16006234184469204,0.16488371200027252,0.993415937131719,1.0219712678855353,-0.2166677110988433,0.7387457089610919,-0.13783696351690133,-0.08783788464174491,0.45125885536635757,0.6896167902602836,0.993155508687042,-0.018413762567425995,0.3781609383537725,0.03982231605349518
A: mom 100% + book 5x + TLT 50%,1.0,1.0,5.0,0.5,0.20496368338559967,0.22010754127603843,0.9683666813940948,0.9989920653710336,-0.28268076193403857,0.7250712145505904,-0.18222623411688044,-0.12146240066222924,0.6002767649921349,0.922470752186805,1.4215088285311965,-0.03373915103721259,0.5126424064935708,0.04544475375085644
A: mom 100% + book 5x + TLT 50%,1.25,1.25,6.25,0.625,0.24783586577031036,0.2755980596036611,0.9528346986442365,0.9822177267476272,-0.34455469946070194,0.7192932389493564,-0.2254975305364011,-0.1567346027533636,0.7492353790842194,1.159539326296941,1.917804465462521,-0.050315011132903154,0.6501318378566086,0.050047359679506576
A: mom 100% + book 5x + TLT 50%,1.5,1.5,7.5,0.75,0.2883490572725069,0.33139494393213914,0.9420594053549423,0.9776482378221174,-0.4024815293963979,0.7164280500149768,-0.2676470296135435,-0.1934154583813802,0.8971506425336793,1.3969946637024608,2.499599597153368,-0.06808040850913555,0.7892376700641004,0.053607029526685945
A: mom 100% + book 5x + TLT 50%,1.75,1.75,8.75,0.875,0.32616128440536096,0.38754263467212874,0.9339863170027145,0.9705884340472984,-0.45664557778629855,0.714254774975612,-0.3086708907342882,-0.23126384607504202,1.0428841659748627,1.6388787050018203,3.1910709291120636,-0.08697373675041198,0.9283567522008369,0.056102195948774414
A: mom 100% + book 5x + TLT 50%,2.0,2.0,10.0,1.0,0.36091790398912327,0.44408971225400423,0.9275786811444946,0.9657363997191301,-0.5072238711577188,0.7115554383616491,-0.3485652557328195,-0.27003818770469756,1.1871477619822624,1.8893083018412975,4.0264590203923145,-0.10693279066901928,1.0656684446592974,0.05751291826120841
A: mom 100% + book 5x + TLT 50%,2.5,2.5,12.5,1.25,0.4197743778917862,0.5586019575870356,0.9176388001881126,0.971600525927587,-0.6323882943441352,0.6637921379097379,-0.4249499763380279,-0.34940572176478324,1.4668325574875758,2.4214583455153806,6.355944048870233,-0.1497967081725704,1.3264773887628292,0.05700994282924454
A: mom 100% + book 5x + TLT 50%,3.0,3.0,15.0,1.5,0.46175352621109855,0.6754480939934987,0.9096358570326929,0.9687489077376111,-0.7581224302817878,0.6090751411212944,-0.49676997123498545,-0.42963625500546354,1.7420109333441767,2.96294858139618,10.34658135360678,-0.19616539536892108,1.5526490155938677,0.05197454912725474
B: mom 60% + book 3x + TLT 30%,0.5,0.3,1.5,0.15,0.07513305029548212,0.0660879468724778,1.1370284789444518,1.1872856122636335,-0.08676954454006813,0.8658919519946016,-0.05513111862607267,-0.03221356435189737,0.18236342124319954,0.2759168968691802,0.3739643431886834,0.005829140069592675,0.14734002179526406,0.027211192925694627
B: mom 60% + book 3x + TLT 30%,0.75,0.44999999999999996,2.25,0.22499999999999998,0.10394883858257464,0.09892795826626571,1.0581385664091212,1.089802190651663,-0.1317061001261075,0.7892484743154986,-0.08309947024172959,-0.04999433878621895,0.2722905474883195,0.41351129090955885,0.561878532862857,-0.0017586100011600658,0.22241183460752145,0.031763879083302804
B: mom 60% + book 3x + TLT 30%,1.0,0.6,3.0,0.3,0.13228024732492205,0.1318642509313678,1.0179300647080955,1.0455199269593223,-0.17499021793248437,0.7559293821552877,-0.1106683574857088,-0.06855215082401755,0.3617780615849708,0.5510451372731303,0.7631808267134512,-0.009843828042135572,0.2994181088316492,0.03596949032293817
B: mom 60% + book 3x + TLT 30%,1.25,0.75,3.75,0.375,0.16006234184469204,0.16488371200027252,0.993415937131719,1.0219712678855353,-0.2166677110988433,0.7387457089610919,-0.13783696351690133,-0.08783788464174491,0.45125885536635757,0.6896167902602836,0.993155508687042,-0.018413762567425995,0.3781609383537725,0.03982231605349518
B: mom 60% + book 3x + TLT 30%,1.5,0.8999999999999999,4.5,0.44999999999999996,0.18722857890847955,0.1979880069696912,0.976801436171572,1.0086260908923312,-0.25678325463552665,0.7291307962204479,-0.16460446926560013,-0.10780159396034084,0.5401010705718041,0.8294080930549157,1.2428291877571231,-0.027455550968544573,0.4584178827090999,0.043316815039797785
B: mom 60% + book 3x + TLT 30%,1.75,1.05,5.25,0.525,0.2137108341967522,0.2311831263622706,0.9647160600608803,0.9949226780773945,-0.2953804205484052,0.7235104947036614,-0.1909700534258928,-0.1283926318748404,0.6304054855792951,0.9696015372953214,1.5148461580514896,-0.03695622496208617,0.5399411950443782,0.04644762222817289
B: mom 60% + book 3x + TLT 30%,2.0,1.2,6.0,0.6,0.23943942079030078,0.2644767962556916,0.9554649760085857,0.9849484781318925,-0.33250171167086195,0.7201148517013289,-0.21693289244802494,-0.14955978050804863,0.7194222681286746,1.1125040416715186,1.8123461579750637,-0.04690271609376295,0.6224571058066919,0.0492095556083163
B: mom 60% + book 3x + TLT 30%,2.5,1.5,7.5,0.75,0.2883490572725069,0.33139494393213914,0.9420594053549423,0.9776482378221174,-0.4024815293963979,0.7164280500149768,-0.2676470296135435,-0.1934154583813802,0.8971506425336793,1.3969946637024608,2.499599597153368,-0.06808040850913555,0.7892376700641004,0.053607029526685945
B: mom 60% + book 3x + TLT 30%,3.0,1.7999999999999998,9.0,0.8999999999999999,0.33336863892492175,0.39881846655325565,0.9325947881625845,0.9694712683483091,-0.4670425563821152,0.713786429886216,-0.3167402471951174,-0.23895235844694052,1.0717761102135228,1.686539535024151,3.3453079340860343,-0.09088228975016499,0.9560258225121954,0.056471704398161515
C: mom 100% + book 5x + TLT 100%,0.5,0.5,2.5,0.5,0.12120181381673079,0.1159219064853124,1.0519435803762904,1.144917404728653,-0.14736290172709865,0.822471683145765,-0.092501481903565,-0.064187941740117,0.32220652804288796,0.4814004620283232,0.6571207871729888,0.06428733963153133,0.30909291682397577,0.024884330332394455
C: mom 100% + book 5x + TLT 100%,0.75,0.75,3.75,0.75,0.17197464328234968,0.17414038651477756,1.0064021582936387,1.0930689036177594,-0.21627176712625162,0.7951784255869011,-0.13837834863591825,-0.09970149552647867,0.4793051423218372,0.724812906091348,1.0411701163203582,0.08409196290361187,0.48095670890069875,0.02686102736302054
C: mom 100% + book 5x + TLT 100%,1.0,1.0,5.0,1.0,0.22119284801733574,0.23272009467571428,0.9834660957022138,1.066207333583491,-0.28106941602609037,0.7869687536434182,-0.1829715366125878,-0.1368818842419005,0.6320264764751431,0.9688359439551043,1.4864214059061516,0.10209041214461312,0.665441134138326,0.027518139962692034
C: mom 100% + book 5x + TLT 100%,1.25,1.25,6.25,1.25,0.2685126532417226,0.29170186645044294,0.969600133810562,1.0519361298378953,-0.3419448360882841,0.7852513765477581,-0.22629829029388437,-0.17547083387130857,0.7839440315023709,1.2121924583028565,1.9994559088820854,0.11823868331661092,0.862216114755793,0.026829580371918516
C: mom 100% + book 5x + TLT 100%,1.5,1.5,7.5,1.5,0.3135775357886861,0.3511372060513201,0.9602582276256307,1.0564218060767383,-0.39907789346220424,0.7857552145227615,-0.2683755466428769,-0.2152083516254668,0.9347761591546868,1.458587240659879,2.597027445111616,0.13249809558686376,1.0707564132986525,0.024771777451622512
C: mom 100% + book 5x + TLT 100%,1.75,1.75,8.75,1.75,0.3560186753531587,0.41108335605419993,0.9534819601749626,1.0457170602725496,-0.45304406718977985,0.7858367455544291,-0.30921994194895774,-0.2558345651437287,1.084493001437612,1.7110148703807748,3.3019069141453117,0.1448353417179502,1.2903253317165158,0.02132382349177342
C: mom 100% + book 5x + TLT 100%,2.0,2.0,10.0,2.0,0.39545513806089216,0.4716030753785106,0.9482853257585329,1.043504270954305,-0.5161467668447819,0.7661680038767255,-0.34884781847050184,-0.29709152936145133,1.233590094535657,1.9786055637588835,4.145850026080079,0.15522252683311866,1.5199593138678176,0.016467622003004667
C: mom 100% + book 5x + TLT 100%,2.5,2.5,12.5,2.5,0.4637276222076623,0.5946488515842865,0.9406229115795802,1.0432208091649053,-0.6391757524949506,0.7255087828309408,-0.424949976338028,-0.3804861009135282,1.5333929001008015,2.542528254261042,6.455997760461367,0.17006234878729765,2.0043502607927643,0.002473038988985765
C: mom 100% + book 5x + TLT 100%,3.0,3.0,15.0,3.0,0.5150759612724447,0.7209446421914877,0.9348282596065995,1.0462885588236375,-0.757299028201191,0.6801487154894446,-0.49676997123498545,-0.4634327205739627,1.823090906289158,3.133998423943847,10.271738540202218,0.17690340559918094,2.5111844521801343,-0.017294855961470734
D: mom 100% + book 3x + TLT 50%,0.5,0.5,1.5,0.25,0.09766776000262767,0.10109837515798838,0.981024618579513,1.0080941052296883,-0.13666351137663912,0.7146586460336092,-0.0934255928273896,-0.0487195801557011,0.23846428849291657,0.3353688854067769,0.43535066709612535,-0.009022548045684475,0.1991843073265187,0.014778003336809675
D: mom 100% + book 3x + TLT 50%,0.75,0.75,2.25,0.375,0.13624254124474788,0.151629749354649,0.9278676397833393,0.9551609083444028,-0.2003383559075007,0.6800621909249028,-0.13965201647800596,-0.07556175267706922,0.35600507293543227,0.50341903832962,0.683414418126381,-0.024915631310084008,0.30094141911557504,0.012877768203258588
D: mom 100% + book 3x + TLT 50%,1.0,1.0,3.0,0.5,0.1731147847698804,0.20235487589992324,0.900469652496653,0.9350501322051448,-0.2609147867770857,0.6634916591284732,-0.1845218542041378,-0.11047942601932892,0.47264739346399787,0.6715062918164989,0.9639865429953612,-0.04187787291580736,0.40439410151867516,0.010475507120424776
D: mom 100% + book 3x + TLT 50%,1.25,1.25,3.75,0.625,0.20805486033458798,0.2532955728468441,0.8834358964855726,0.9169502789387428,-0.3184867783699602,0.6532605887108681,-0.22805387145407785,-0.1467258301266261,0.5876336889918061,0.8419419451478967,1.2790510807176791,-0.059884461709690195,0.5086842240682314,0.0075676817101668625
D: mom 100% + book 3x + TLT 50%,1.5,1.5,4.5,0.75,0.24082783411483066,0.304484938235235,0.8715835637042266,0.900180812239758,-0.3731445915453293,0.6454008434571538,-0.270266489158523,-0.184098766158018,0.7004743220719001,1.0112906719290067,1.6353851454764898,-0.0789096201953966,0.6128484584755058,0.00415110467593216
D: mom 100% + book 3x + TLT 50%,1.75,1.75,5.25,0.875,0.27119383236722316,0.35596100505656697,0.862676034301572,0.8980587890275685,-0.4249749552738742,0.6381407398288986,-0.3111777916007594,-0.22239297357605536,0.8102962971706896,1.1887664145727157,2.0416657156773557,-0.09892661944149927,0.7158175670864766,0.00022294989414572974
D: mom 100% + book 3x + TLT 50%,2.0,2.0,6.0,1.0,0.2989082871495483,0.4077656724884966,0.85558655857303,0.8929229013110991,-0.4740612377167528,0.6305267407839475,-0.35080553407208936,-0.26140143137972305,0.9233293040323989,1.3763469873322107,2.5091855573109134,-0.11990779423883768,0.8164166592094428,-0.004219237471454584
D: mom 100% + book 3x + TLT 50%,2.5,2.5,7.5,1.25,0.34538107248314476,0.512549557453972,0.8445768982145067,0.8922212666587396,-0.5654768819923528,0.6107784128437906,-0.42627975979072763,-0.3417518706223671,1.1468600938249525,1.772506765771785,3.6931569590492392,-0.16464742093579432,1.0052859380128552,-0.01465361204698512
D: mom 100% + book 3x + TLT 50%,3.0,3.0,9.0,1.5,0.37819204823481933,0.6192693050751046,0.8358257853607721,0.8999943763846954,-0.6762763039572407,0.5592271177059185,-0.49682490682441827,-0.4485859188083019,1.3719137561913344,2.1820175162047852,5.388086980219055,-0.21288904455786706,1.168022698715351,-0.027163846578497908
