rule,cagr,vol,sharpe,sortino,maxdd,calmar,worst_month,worst_12m,pm_med,pm_max,y2008,y2020,y2022
vt 12% cap 1.5,0.14115651312664568,0.1330396119401797,1.068971720185693,1.1445367917434468,-0.20524333475956547,0.687751995902839,-0.12922555355813903,-0.093898597579954,0.3479568443998149,0.9840245297930136,-0.02739507156199994,0.19879617102193103,0.028446981562943563
vt 15% cap 1.5,0.15490363983421584,0.14836898407898436,1.0543133295313794,1.1248369561979528,-0.2299853309587463,0.6735370433777872,-0.14406424258997896,-0.10836776360577205,0.38839126867940243,1.0249154462205394,-0.03302432224596408,0.21909275221862745,0.029965602573520433
vt 15% cap 2.0,0.1552682020865086,0.14824511966189827,1.0572130135617523,1.1300414642186334,-0.22998533095874174,0.6751221977473119,-0.14406424258997808,-0.10836776360577127,0.3851859633164135,1.0249154462205443,-0.033383376562258316,0.21909275221863167,0.02946215835170518
vt 18% cap 2.0,0.16766775909310572,0.162075064700975,1.0465789220014385,1.1232610784080101,-0.2563141251426647,0.654149508926914,-0.15735934379240035,-0.12159968422730216,0.4205077190058606,1.1296267426463884,-0.03887163210482136,0.23672516341302896,0.030380645932393868
vt 20% cap 2.5,0.17567399695306696,0.17064648036475014,1.0427092186392914,1.1190147565825168,-0.2726152139607101,0.644402762416574,-0.1655557642547666,-0.12988069726931417,0.44203882694458435,1.1952755432940725,-0.04231251317124285,0.2473017004236504,0.030927694899420155
breaker 20% x0.5,0.1725611501784008,0.1686375076522535,1.037388461044313,1.1052241446067366,-0.24361481372213134,0.7083360307276928,-0.14911713784960612,-0.09526484054988982,0.48808240862284263,1.0492137881839878,-0.04473640305585003,0.41296633516363124,0.02494512101784796
breaker 15% x0.5,0.15556838523401328,0.16503593721068432,0.9671950730139922,0.9978075394100244,-0.24361481372213123,0.6385834377520887,-0.14911713784960645,-0.10793940416976178,0.45667057016426493,1.0492137881839878,-0.04473640305585047,0.31446670931072807,0.024945121017848626
breaker 10% x0.5,0.12788002798975762,0.14754775126409445,0.8972112984808904,0.9388013514375962,-0.27464927824162766,0.465612102855238,-0.11613222556989966,-0.10411159456799679,0.30645878011112637,1.0492137881839878,-0.06986134453978676,0.2638053339752062,0.010839122159076675
vt 15% cap 2 + breaker 20%,0.1552682020865086,0.14824511966189827,1.0572130135617523,1.1300414642186334,-0.22998533095874174,0.6751221977473119,-0.14406424258997808,-0.10836776360577127,0.3851859633164135,1.0249154462205443,-0.033383376562258316,0.21909275221863167,0.02946215835170518
