date,single_vrp,spy_vrp,single_iv,single_rv,spy_iv,spy_rv
2007-01-31,0.015310687106269705,-0.06333801006108397,0.20920000000000002,0.20195602117585304,0.0978,0.16113801006108397
2007-02-28,0.03905689370472948,-0.04140751203466424,0.2228,0.1982524964739394,0.0999,0.14130751203466424
2007-03-30,0.03813238257865234,0.05499386826479845,0.2047,0.1700737706660616,0.13,0.07500613173520156
2007-04-30,0.041251020942368016,0.04764359047698771,0.2137,0.16363122328190832,0.1294,0.08175640952301227
2007-05-31,-0.005561128266809573,-0.02039939437506688,0.2,0.2008932387213163,0.1266,0.14699939437506687
2007-06-29,-0.012647102520108255,-0.029606343544154173,0.2057,0.22374327315068293,0.14300000000000002,0.1726063435441542
2007-07-31,0.01118358043636386,0.025797740029581046,0.3177,0.30720778613767014,0.2601,0.23430225997041895
2007-08-31,0.05725079296331195,0.07561871475395535,0.2495,0.19896375321161783,0.2191,0.14348128524604464
2007-09-28,0.026771965793729938,0.02526140685695552,0.2456,0.21161440950735586,0.1653,0.14003859314304448
2007-10-31,-0.052399963798419394,-0.09154748864946027,0.273,0.3624180052327618,0.1743,0.2658474886494603
2007-11-30,0.05592036296040914,0.04854343502436295,0.2938,0.24881785944621265,0.2267,0.17815656497563706
2007-12-31,-0.08291698277856949,-0.0024984538852213523,0.29135,0.37259036502918436,0.22329999999999997,0.22579845388522132
2008-01-31,0.034594216542684436,0.07666880667991763,0.32505,0.32003750996881364,0.25429999999999997,0.17763119332008234
2008-02-29,-0.06145916446527694,-0.05041134346824491,0.32304999999999995,0.3917547672938798,0.2447,0.2951113434682449
2008-03-31,0.08494349763683298,0.06343232504851745,0.3468,0.32251350362370945,0.2407,0.17726767495148255
2008-04-30,0.03174850690890256,0.05532893112937026,0.28965,0.2702587633031385,0.2053,0.14997106887062975
2008-05-30,-0.06597314475355183,-0.02369345535181397,0.2339,0.30700446364523765,0.16620000000000001,0.18989345535181398
2008-06-30,-0.08543207725999144,0.0070682887430885966,0.30945,0.38792167960486545,0.22699999999999998,0.21993171125691138
2008-07-31,-0.0014779577406940636,0.024778215957364375,0.32695,0.3011587000344033,0.22089999999999999,0.1961217840426356
2008-08-29,-0.32715237067255865,-0.28039473961820893,0.28465,0.6294788913837908,0.20679999999999998,0.4871947396182089
2008-09-30,-0.5176605090964688,-0.5150969859582825,0.4264,0.9603459310489314,0.3933,0.9083969859582824
2008-10-31,-0.19439296943404072,-0.21245739909368777,0.6367,0.8925901001972907,0.5468,0.7592573990936877
2008-11-28,0.010100001846105378,0.0005805707333857435,0.6183,0.6220434971438515,0.4765,0.47591942926661424
2008-12-31,-0.07765012539370086,-0.06366484680236423,0.4559,0.562560193323579,0.3155,0.37916484680236423
2009-01-30,-0.012324356738737996,0.05691427154476014,0.49200000000000005,0.4689610622219669,0.414,0.35708572845523984
2009-02-27,-0.06550428423986537,-0.057195728043815286,0.4882,0.584110790719855,0.4274,0.4845957280438153
2009-03-31,0.11763849338073071,0.10268196291402215,0.4749,0.3877456965884298,0.39759999999999995,0.2949180370859778
2009-04-30,0.03093803444242285,0.033459138407027356,0.36960000000000004,0.35071933872870487,0.3109,0.27744086159297265
2009-05-29,0.04676500990502101,0.06455099343706275,0.31215,0.3029918679099747,0.2668,0.20224900656293723
2009-06-30,0.027464297008193098,0.03175374645943235,0.32055,0.2871103035986359,0.2348,0.20304625354056766
2009-07-31,0.05846233615678473,0.06378237360373393,0.2871,0.21956177294930068,0.228,0.16421762639626608
2009-08-31,0.06899442949525972,0.07641841616208528,0.28925,0.20614855931336,0.2279,0.1514815838379147
2009-09-30,0.018392723714429626,0.04283258171905302,0.27215,0.27256647137792833,0.2346,0.19176741828094698
2009-10-30,0.1050928170843573,0.1227613603408767,0.3096,0.2109644316486276,0.27449999999999997,0.15173863965912326
2009-11-30,0.08381471427709213,0.10582192248582038,0.27505,0.1583589575104034,0.20579999999999998,0.0999780775141796
2009-12-31,-0.0111099728507955,0.011700881237800914,0.2352,0.2632915673214638,0.18760000000000002,0.1758991187621991
2010-01-29,0.05702218455675591,0.04172273764556603,0.29705000000000004,0.22966204299139376,0.2112,0.16947726235443397
2010-02-26,0.06998698071793452,0.10294565288168879,0.23425,0.14774905232034824,0.1784,0.07545434711831121
2010-03-31,0.012850471636771277,0.0001939871008488081,0.21155000000000002,0.19647216567838327,0.1516,0.1514060128991512
2010-04-30,-0.0859212897964649,-0.1175540656052782,0.267,0.34436444631898844,0.1971,0.3146540656052782
2010-05-28,0.018879471102401,0.00936695298601431,0.30379999999999996,0.29015984808426226,0.2702,0.2608330470139857
2010-06-30,0.09995487719140367,0.09256084641193144,0.36469999999999997,0.24692100369110903,0.2891,0.1965391535880686
2010-07-30,0.016737399746258264,0.035140429052061856,0.25725,0.22549002149062336,0.21539999999999998,0.18025957094793812
2010-08-31,0.07083203174961064,0.10633379410790161,0.29505000000000003,0.210786556633636,0.2619,0.1555662058920984
2010-09-30,0.05377428590457561,0.10166481845225313,0.243,0.17741778502812333,0.20489999999999997,0.10323518154774684
2010-10-29,0.02373550845932721,0.04264984114348111,0.24359999999999998,0.1993601450753794,0.1916,0.14895015885651888
2010-11-30,0.09413779167822026,0.1151538216629802,0.24225000000000002,0.15183660330938625,0.20190000000000002,0.08674617833701982
2010-12-31,-0.0012217189276557405,0.04451062518827782,0.2131,0.20358668067469438,0.1566,0.11208937481172217
2011-01-31,0.0036528708288865314,0.034245084815759025,0.22395,0.22093219753575888,0.16260000000000002,0.128354915184241
2011-02-28,0.008073585555162535,-0.009799554406033112,0.2341,0.22308079929963642,0.1598,0.1695995544060331
2011-03-31,0.044415599338745934,0.06696644096030464,0.22,0.17927725139521017,0.1536,0.08663355903969534
2011-04-29,0.011229077548651802,0.02881202309536192,0.1995,0.1778269257738787,0.1363,0.10748797690463809
2011-05-31,-0.01744489860335699,-0.02928875453872906,0.20129999999999998,0.21283469671943103,0.1363,0.16558875453872907
2011-06-30,0.005607837197198623,-0.015074775549604874,0.20215,0.219141562411029,0.1378,0.15287477554960488
2011-07-29,-0.2603314271318318,-0.25749879457127056,0.27995000000000003,0.527829445372778,0.2274,0.48489879457127055
2011-08-31,-0.024842409764305018,-0.0075671834275112815,0.31320000000000003,0.3324551977433272,0.2837,0.2912671834275113
2011-09-30,0.08324180034511447,0.09616901162970592,0.44355,0.3132180336879313,0.3848,0.28863098837029405
2011-10-31,-0.046384609903923804,-0.04905171198233699,0.29735,0.3914879464659058,0.2571,0.306151711982337
2011-11-30,0.03699961429851385,0.058791087386018764,0.28485,0.26021929374848274,0.2468,0.18800891261398123
2011-12-30,0.06710032233469482,0.12245014705612373,0.26335,0.17510774952611063,0.2101,0.08764985294387628
2012-01-31,0.06109582245975706,0.0835813282090851,0.22635,0.14553085084280076,0.1654,0.08181867179091488
2012-02-29,0.02859974575642195,0.022219030693272995,0.19205,0.1547731032171996,0.1384,0.116180969306727
2012-03-30,0.0006134749713212484,-0.013957597768407687,0.20085,0.20000138036046172,0.1283,0.14225759776840768
2012-04-30,0.00651639161380034,0.019074600514099982,0.19455,0.19410020007606701,0.152,0.13292539948590001
2012-05-31,0.0030548584967598075,0.0022408108526540127,0.2514,0.27751033358928306,0.209,0.20675918914734598
2012-06-29,0.003994876195101554,0.01728551334559464,0.22785,0.23131114111380463,0.1576,0.14031448665440535
2012-07-31,0.08595368476220921,0.09269625707453125,0.2138,0.137131439571806,0.18,0.08730374292546875
2012-08-31,0.020735895663701,0.04564803822930193,0.1861,0.17095505848457437,0.15560000000000002,0.10995196177069809
2012-09-28,0.0294492790276374,0.02816939545324776,0.20174999999999998,0.18325533043981113,0.1355,0.10733060454675225
2012-10-31,0.002896347429502788,0.004562755950007186,0.21835,0.21749166393726826,0.1574,0.15283724404999283
2012-11-30,0.007940358120590837,0.00803856059253591,0.2074,0.18984794723183868,0.14980000000000002,0.1417614394074641
2012-12-31,0.05862110563118393,0.06847874376455389,0.2288,0.18444907757963125,0.16760000000000003,0.09912125623544614
2013-01-31,-0.009715950751406924,-0.0022162826004411273,0.1849,0.18427523453107442,0.1263,0.12851628260044112
2013-02-28,0.042538001994419074,0.054654863973581255,0.18185,0.13223844279723976,0.1315,0.07684513602641875
2013-03-28,-0.03292345762719617,-0.03454550090103349,0.1729,0.22663273669838457,0.1107,0.1452455009010335
2013-04-30,0.008717551447906285,0.02778735564756639,0.18075000000000002,0.1724037569554414,0.1201,0.09231264435243361
2013-05-31,-0.007219030769148968,-0.018143321492085196,0.20224999999999999,0.21766097068368234,0.153,0.1711433214920852
2013-06-28,0.05145161628991137,0.08373392749166816,0.20325000000000001,0.16012227927388795,0.1553,0.07156607250833183
2013-07-31,0.03884292918721362,0.017736639106981755,0.1859,0.15468092299593425,0.1243,0.10656336089301824
2013-08-30,0.05172122546829562,0.08119696703218761,0.20894999999999997,0.16125726484441352,0.16699999999999998,0.08580303296781237
2013-09-30,0.028404393091112465,0.026254669811867914,0.21475,0.1737874657528543,0.1518,0.12554533018813208
2013-10-31,0.02431978739955829,0.027466508213310786,0.16875,0.14303184780857855,0.11470000000000001,0.08723349178668922
2013-11-29,0.005988025948463885,0.02020823042990369,0.16360000000000002,0.1567675979262978,0.11720000000000001,0.09699176957009632
2013-12-31,0.006716690059450428,-0.008346280397572958,0.19030000000000002,0.1912593405692406,0.1182,0.12654628039757296
2014-01-31,0.030651553246578117,0.02868061158007551,0.203,0.18086440304890716,0.15839999999999999,0.12971938841992448
2014-02-28,-0.00020788597035151235,0.026769521564792564,0.17345,0.17095960553280728,0.1274,0.10063047843520745
2014-03-31,-0.0034737497806523465,-0.015061912921260176,0.1968,0.19177612579083975,0.1155,0.13056191292126018
2014-04-30,0.03640201731162491,0.03725140365753736,0.1695,0.12823013832253893,0.11779999999999999,0.08054859634246263
2014-05-30,0.02998916785479891,0.04220101880305497,0.1481,0.11552008271522932,0.0986,0.056398981196945024
2014-06-30,0.024839291710293372,0.01724436858589634,0.16824999999999998,0.14202093543592736,0.0969,0.07965563141410366
2014-07-31,0.054907330907430225,0.06622197190094802,0.1844,0.12981907434889367,0.1435,0.07727802809905197
2014-08-29,-0.0032848263713924006,0.005086890586662479,0.13225,0.13303510476363095,0.0983,0.09321310941333752
2014-09-30,-0.05924775637719411,-0.04810746906992722,0.18480000000000002,0.2607713890144894,0.1363,0.18440746906992722
2014-10-31,0.031721008809175257,0.06586112583159873,0.16820000000000002,0.13202463052337332,0.1192,0.053338874168401273
2014-11-28,-0.06498643781018545,-0.037781354963336164,0.1507,0.21308643781018544,0.1158,0.15358135496333616
2014-12-31,-0.0246510929213372,-0.01640173145241322,0.21255000000000002,0.24774882680679644,0.1545,0.17090173145241322
2015-01-30,0.049800656692009365,0.09678814880478395,0.24830000000000002,0.17798201540486358,0.18969999999999998,0.09291185119521603
2015-02-27,-0.01355425195420941,-0.021631445261790283,0.1774,0.19382943526786572,0.12029999999999999,0.14193144526179027
2015-03-31,0.05519570949768703,0.051411359239383905,0.20295,0.1663027791809698,0.1367,0.08528864076061608
2015-04-30,0.04240653982718251,0.03444091910072783,0.19135000000000002,0.1386447953142953,0.1389,0.10445908089927217
2015-05-29,0.022052219809905703,0.014092569804952215,0.17075,0.15074822895598688,0.12789999999999999,0.11380743019504777
2015-06-30,0.04004133198013808,0.0426504920226054,0.19855,0.1821883078320725,0.1617,0.11904950797739461
2015-07-31,-0.13647234644013267,-0.1602429378409827,0.17930000000000001,0.32060533544400965,0.1082,0.2684429378409827
2015-08-31,0.019041055359948433,-3.965610091447025e-05,0.2921,0.27217139071845053,0.2256,0.22563965610091447
2015-09-30,0.047056285730674455,0.083092153576132,0.277,0.23177060198507915,0.20809999999999998,0.12500784642386797
2015-10-30,0.022121427978705796,0.004119738404170861,0.21065,0.20704700482850735,0.1263,0.12218026159582913
2015-11-30,-0.02702660963344429,-0.035650397536966194,0.2097,0.23772546668070582,0.1479,0.1835503975369662
2015-12-31,-0.10301263446369954,-0.07938779723366196,0.233,0.32280957224222995,0.1552,0.23458779723366197
2016-01-29,-0.06247512097951642,-0.02452921556806331,0.22849999999999998,0.2912759315257041,0.1759,0.2004292155680633
2016-02-29,0.06362132031086216,0.08503432983184193,0.24255,0.17299978901342275,0.1981,0.11306567016815806
2016-03-31,0.014927900656124163,0.022959008276111345,0.20445000000000002,0.18856101370641315,0.1253,0.10234099172388865
2016-04-29,0.02982518855960859,0.030902491157281622,0.2066,0.1718248822450328,0.1409,0.10999750884271838
2016-05-31,-0.048757796036760545,-0.06030562496103925,0.17319999999999997,0.22802937071311158,0.125,0.18530562496103925
2016-06-30,0.056367255432919566,0.04964110909438314,0.1844,0.14650272217029625,0.12269999999999999,0.07305889090561685
2016-07-29,0.041824542428324486,0.05020402503693773,0.16110000000000002,0.11113814885297671,0.1063,0.056095974963062276
2016-08-31,-0.020391178020592177,-0.026070910560262756,0.15355,0.1845649087993581,0.1164,0.14247091056026276
2016-09-30,0.0469434156287614,0.04831000958766482,0.19145,0.14663358116453418,0.1158,0.06748999041233518
2016-10-31,-0.00558530340279928,0.048984632423849414,0.19290000000000002,0.19241729433188448,0.1537,0.10471536757615059
2016-11-30,0.034772762524325276,0.03732996632645268,0.18114999999999998,0.1383942615210512,0.1173,0.07997003367354732
2016-12-30,0.0502002575393225,0.05248273854034019,0.21615,0.1478985204976469,0.11699999999999999,0.0645172614596598
2017-01-31,0.032569663795313494,0.0324844745654429,0.18080000000000002,0.13626243602523544,0.09970000000000001,0.06721552543455711
2017-02-28,0.05276533581432285,0.023036775630578488,0.1583,0.10489834714246246,0.1096,0.08656322436942152
2017-03-31,0.046295712102605205,0.03184462277128136,0.1778,0.12336599686781301,0.1036,0.07175537722871864
2017-04-28,0.021186504922998603,0.008079904548050992,0.17054999999999998,0.14434429675852567,0.08710000000000001,0.07902009545194902
2017-05-31,-0.0006656694814569097,0.012516709495576234,0.14675,0.15669665685490464,0.0885,0.07598329050442376
2017-06-30,0.049410429696220774,0.037539659443176075,0.18565,0.14251950485735917,0.09210000000000002,0.05456034055682394
2017-07-31,0.02899719709686708,-0.015871430485290147,0.15675,0.1261895020445195,0.0785,0.09437143048529015
2017-08-31,0.007408292928085813,0.03177352952473761,0.149,0.15459405657078812,0.08560000000000001,0.0538264704752624
2017-09-29,0.02391476564319562,0.022998630459756017,0.18305,0.17160359391094793,0.07429999999999999,0.051301369540243974
2017-10-31,0.021589069559534893,0.014548797817669865,0.17814999999999998,0.1658876002925106,0.0791,0.06455120218233014
2017-11-30,0.028695835817771062,0.02979884044768797,0.18135,0.16258135708436855,0.08800000000000001,0.05820115955231204
2017-12-29,-0.004541207059768584,-0.02031284875615666,0.19685,0.1776035488159705,0.0662,0.08651284875615665
2018-01-31,-0.12054268178863367,-0.14843737785083613,0.23655,0.34255737250038976,0.1222,0.27063737785083614
2018-02-28,-0.03958889497863728,-0.04862189077601339,0.22260000000000002,0.25926536877626605,0.153,0.2016218907760134
2018-03-29,0.021291488834350836,-0.0038728995334568195,0.2637,0.247763925561365,0.16760000000000003,0.17147289953345685
2018-04-30,0.023433416594895576,0.028690709063630068,0.21114999999999998,0.1976124920741325,0.1315,0.10280929093636994
2018-05-31,0.027644791777780828,0.030373826757819924,0.19974999999999998,0.1709686514227921,0.1157,0.08532617324218007
2018-06-29,0.04765578506115563,0.045694366157136734,0.23199999999999998,0.19730491927181157,0.1298,0.08410563384286326
2018-07-31,0.0368246940240565,0.03635940317873124,0.1868,0.1446045495647737,0.10640000000000001,0.07004059682126877
2018-08-31,0.004740758608230519,0.043726266955038964,0.1631,0.15665119400324948,0.098,0.05427373304496104
2018-09-28,-0.1033841788094393,-0.1250191676023446,0.18819999999999998,0.2964946207658713,0.09230000000000001,0.2173191676023446
2018-10-31,0.0038604572543961824,0.0005486034516497817,0.27745,0.26389766205639037,0.1882,0.18765139654835022
2018-11-30,-0.11459988310492747,-0.11318423649250844,0.22194999999999998,0.3335052985303156,0.1783,0.29148423649250843
2018-12-31,0.07058791455376502,0.0378177581980787,0.3205,0.2651191941376612,0.2195,0.1816822418019213
2019-01-31,0.06484280439942944,0.0667355044913478,0.23535,0.1593295718559276,0.1475,0.0807644955086522
2019-02-28,0.018599120671090152,0.0028227416755041423,0.18669999999999998,0.1788183863957789,0.1207,0.11787725832449586
2019-03-29,0.030069009482095448,0.06131200075400648,0.20395000000000002,0.16720998234155432,0.1229,0.061587999245993515
2019-04-30,-0.00721808456966222,-0.0346353735977281,0.18619999999999998,0.18184022526350846,0.111,0.1456353735977281
2019-05-31,0.04880772122812252,0.07691999582542212,0.23420000000000002,0.20138845119610793,0.1819,0.10498000417457788
2019-06-28,0.06546747257071328,0.06741492451935323,0.21860000000000002,0.15636162971101147,0.1434,0.07598507548064677
2019-07-31,-0.0734182941863888,-0.10313844227260013,0.2041,0.29505387913327763,0.1343,0.23743844227260014
2019-08-30,0.03148525043722583,0.06867364259770543,0.2269,0.20080472534234867,0.16390000000000002,0.09522635740229458
2019-09-30,0.021918384808759975,0.016315622223517595,0.2431,0.21833116572649347,0.1508,0.1344843777764824
2019-10-31,0.024542469857018523,0.043510793372827206,0.20255,0.1748243461243536,0.1091,0.0655892066271728
2019-11-29,0.04972947937709716,0.03685504096895946,0.1774,0.14124213501115734,0.1118,0.07494495903104054
2019-12-31,-0.006992074835604656,-0.0012145983811017447,0.20305,0.20550395492381404,0.1209,0.12211459838110174
2020-01-31,-0.12748686523431355,-0.1350796962197891,0.23395,0.35645918873268245,0.1693,0.3043796962197891
2020-02-28,-0.5878709740078795,-0.5286143724524972,0.4961,1.1386648234604304,0.397,0.9256143724524972
2020-03-31,0.04597571786259938,0.04388096644303324,0.55315,0.5178015745520246,0.4449,0.4010190335569668
2020-04-30,0.01013128426361773,0.04619387667522376,0.38925,0.34316764140097,0.2646,0.21840612332477624
2020-05-29,-0.054646179500415726,-0.057678946112642876,0.32195,0.3644783240388436,0.23800000000000002,0.2956789461126429
2020-06-30,0.08872526425658574,0.10254821132397851,0.36970000000000003,0.2994374601951197,0.2347,0.13215178867602148
2020-07-31,0.1067328399737288,0.11615589101605575,0.31584999999999996,0.2487727200757939,0.1978,0.08164410898394425
2020-08-31,0.050045881661049424,-0.05024955849034668,0.33075,0.27709521864034126,0.1957,0.2459495584903467
2020-09-30,0.05146661896142682,0.015521798115413377,0.31845,0.2930221256180749,0.2224,0.2068782018845866
2020-10-30,0.042166540606390884,0.17834954773885553,0.42505000000000004,0.3705791847334854,0.3372,0.15885045226114447
2020-11-30,0.08518128327920126,0.09424644999503017,0.31184999999999996,0.23468853897985986,0.1816,0.08735355000496985
2020-12-31,0.023976069085599072,-0.0006443655045683117,0.31455,0.3087086533684098,0.17559999999999998,0.1762443655045683
2021-01-29,0.10478072422759152,0.09889776316994708,0.36434999999999995,0.2753591162497808,0.2601,0.16120223683005291
2021-02-26,0.03733466275429406,0.06279003080097395,0.32484999999999997,0.2859344715012646,0.2325,0.16970996919902606
2021-03-31,0.06476156627864418,0.045695881041624364,0.2935,0.20151782587033984,0.15039999999999998,0.10470411895837561
2021-04-30,0.026613962639952984,0.011884457114194169,0.24005,0.22033129386484224,0.149,0.13711554288580582
2021-05-28,0.04394165607218262,0.035466170435840216,0.2205,0.1808830151372053,0.1234,0.08793382956415978
2021-06-30,0.04974156882023917,0.0053972773750603775,0.24819999999999998,0.2347688274387391,0.1189,0.11350272262493963
2021-07-30,0.04795725524900274,0.05305123368976644,0.24409999999999998,0.18520766339231004,0.1374,0.08434876631023355
2021-08-31,0.014687695871532881,-0.01023954977714088,0.2329,0.21037247312493856,0.11789999999999999,0.12813954977714087
2021-09-30,0.07615431650889345,0.09976428667262813,0.31220000000000003,0.21593629434071207,0.20829999999999999,0.10853571332737186
2021-10-29,-0.033824145044920845,-0.007242623997424272,0.2293,0.2721741450449209,0.1216,0.12884262399742427
2021-11-30,0.03774394210401821,0.060974432838177606,0.31895,0.2867856627880624,0.23309999999999997,0.17212556716182237
2021-12-31,-0.08082811503966124,-0.05509254105944336,0.26339999999999997,0.34963647474402154,0.1298,0.18489254105944336
2022-01-31,-0.03608113042273442,-0.03493717526381829,0.3062,0.31849418711026073,0.1949,0.22983717526381828
2022-02-28,-0.0334943511635763,0.01283026766338033,0.33440000000000003,0.3751669493131974,0.24739999999999998,0.23456973233661965
2022-03-31,-0.038656773139767356,-0.07330924595689478,0.3229,0.36550623650791425,0.17420000000000002,0.2475092459568948
2022-04-29,-0.0012636215527971617,-0.025304907772358498,0.3882,0.3932353048930508,0.2889,0.3142049077723585
2022-05-31,-0.04382243850944527,-0.06120070195232041,0.32955,0.37553874190005515,0.237,0.2982007019523204
2022-06-30,0.07958220099631926,0.061260278065526586,0.4194,0.3404206005092648,0.2487,0.18743972193447342
2022-07-29,0.014185823135201225,-0.012868795150258405,0.28885,0.2786141768647988,0.1864,0.19926879515025842
2022-08-31,0.027520252429157954,-0.00027704970539643714,0.34255,0.31960052064931344,0.2408,0.24107704970539642
2022-09-30,0.06065897977206036,0.0168829628586189,0.4309,0.36309652283255595,0.29460000000000003,0.27771703714138113
2022-10-31,-0.05213387581383694,-0.03212446491692594,0.33599999999999997,0.39586827829503524,0.24359999999999998,0.2757244649169259
2022-11-30,0.02989064001805375,0.01789422054752296,0.2808,0.26359073787878345,0.19829999999999998,0.18040577945247702
2022-12-30,0.04630931040481075,0.050859747875621975,0.35085,0.278018199444348,0.21420000000000003,0.16334025212437805
2023-01-31,0.03188969718734097,0.022151965989681693,0.2814,0.26248271167489556,0.17370000000000002,0.15154803401031833
2023-02-28,0.03413471125569842,0.005600115313391857,0.27849999999999997,0.30027368823357214,0.18969999999999998,0.18409988468660812
2023-03-31,0.06179589955476591,0.047411200103010503,0.27565,0.26045139728098754,0.16899999999999998,0.12158879989698948
2023-04-28,-0.010595860258753809,0.011081212565531656,0.25715,0.2513158304702347,0.1401,0.12901878743446835
2023-05-31,0.048419152373093535,0.04507248212482781,0.2749,0.24271590763991954,0.14980000000000002,0.1047275178751722
2023-06-30,0.0022863210895907593,0.02981289861371761,0.25265,0.2613238017893061,0.1091,0.0792871013862824
2023-07-31,0.019892984877121614,-0.00911957687930269,0.23925,0.234930637851824,0.1188,0.1279195768793027
2023-08-31,0.01714472512984519,0.011752385584777508,0.2036,0.215250031496968,0.1188,0.1070476144152225
2023-09-29,0.017876806249923105,0.021676217799884212,0.25955,0.2599268817723317,0.16269999999999998,0.14102378220011577
2023-10-31,0.06200354021496807,0.05080335477632855,0.29674999999999996,0.21462010171106427,0.16210000000000002,0.11129664522367147
2023-11-30,-0.0016288269042507297,0.01440311215337843,0.20745000000000002,0.2230402386417312,0.1107,0.09629688784662158
2023-12-29,-0.0065693464545984875,-0.006185846362754266,0.24235,0.23105214635783755,0.10550000000000001,0.11168584636275428
2024-01-31,0.03290591879780607,0.009382151974067166,0.24675000000000002,0.20376505554435786,0.12960000000000002,0.12021784802593286
2024-02-29,-0.0110138379575562,0.005059087458565162,0.22775,0.25121702846485594,0.1005,0.09544091254143484
2024-03-28,0.00020461036231354812,-0.016803001175924426,0.22665,0.2419080025877952,0.1084,0.12520300117592442
2024-04-30,0.051916798892889374,0.05135256919852303,0.27385000000000004,0.22739478808975933,0.1452,0.09384743080147696
2024-05-31,0.014366708141452272,0.054558091056049696,0.22105000000000002,0.2100302904462708,0.1173,0.0627419089439503
2024-06-28,-0.007742073961867671,-0.021863808432638646,0.2477,0.2499230113052825,0.1143,0.13616380843263864
2024-07-31,-0.012588088746332687,-0.03345889085202777,0.29385,0.2701289237301596,0.1604,0.19385889085202776
2024-08-30,-0.032673763770867795,-0.02341361713315776,0.22820000000000001,0.2539377797275314,0.1142,0.13761361713315776
2024-09-30,0.06179995109647843,0.03346823724690341,0.28845,0.21251571838595684,0.126,0.09253176275309659
2024-10-31,0.047101459263046916,0.08662075205047133,0.31685,0.30660289204806507,0.20190000000000002,0.1152792479495287
2024-11-29,-0.027377776731391107,-0.03980144446795336,0.2591,0.28586886137697604,0.10439999999999999,0.14420144446795335
2024-12-31,0.01594378542845344,0.006973625757809715,0.29185,0.2684172501327654,0.1457,0.13872637424219028
2025-01-31,-0.010365014830941738,-0.0049559280721588606,0.3048,0.2772796535102778,0.1376,0.14255592807215886
2025-02-28,-0.04700668009648132,-0.06685707576493286,0.30110000000000003,0.33581898345091976,0.1408,0.20765707576493286
2025-03-31,-0.24872529626099404,-0.34128811606422876,0.3886,0.6462471595722152,0.1779,0.5191881160642288
2025-04-30,0.0829891659623123,0.06636234180168946,0.33825,0.31161993579993597,0.2347,0.16833765819831054
2025-05-30,0.03460161577938582,0.052291962314830326,0.2822,0.26202795454178074,0.1496,0.09730803768516968
2025-06-30,0.08190154351649194,0.07265125296573792,0.3316,0.19750222408227963,0.1375,0.06484874703426209
2025-07-31,0.041477469368009154,-0.009381558069191734,0.30015000000000003,0.25736764204865115,0.11019999999999999,0.11958155806919173
2025-08-29,0.014394405485662842,0.04848288176362407,0.27335,0.272131359194664,0.1202,0.07171711823637593
2025-09-30,0.05361020072770137,-0.009042135188526285,0.37825,0.2781676968030304,0.1284,0.13744213518852627
2025-10-31,0.030591865385277472,0.002092200946033518,0.33055,0.3207541466310442,0.1489,0.1468077990539665
2025-11-28,0.060646288211052085,0.05011884287989503,0.29855,0.25642498185960666,0.1348,0.08468115712010497
2025-12-31,-0.019065558379147307,0.030382741275498143,0.29390000000000005,0.2958463144990182,0.1319,0.10151725872450185
2026-01-30,-0.058367859502044026,0.016234288175681538,0.37839999999999996,0.3386449940703645,0.1465,0.13026571182431845
2026-02-27,0.06742358147267549,0.01578457260264468,0.3413,0.29723171816799593,0.16149999999999998,0.1457154273973553
2026-03-31,0.03582646374121018,0.09697640448650652,0.41204999999999997,0.37515666186080265,0.2132,0.11622359551349348
2026-04-30,0.03788461611417082,0.05327440285580362,0.32195,0.2986296186035263,0.1483,0.09502559714419637
2026-05-29,-0.06364925620609369,-0.05131694854692098,0.3054,0.38861723344257343,0.1277,0.179016948546921
2026-06-30,-0.01350914601249703,0.01931743318993362,0.4316,0.42668957450327005,0.1405,0.1211825668100664
2026-07-31,0.05031218875449034,0.0264363716588588,0.40995,0.3802519432422577,0.129,0.1025636283411412
2026-08-31,0.015175051251366353,0.013309677369197609,0.31785,0.28866114813363203,0.1211,0.10779032263080239
